Date,Max Temp (°C),Min Temp (°C),Max Wind Gust (km/h),Wind Direction (°),Wind Direction
2019-08-01,11.3,7.0,29.7,82,E
2019-08-02,16.4,10.1,22.1,342,NNW
2019-08-03,15.3,9.3,16.9,208,SSW
2019-08-04,12.6,8.4,41.1,69,ENE
2019-08-05,17.8,8.6,43.3,66,ENE
2019-08-06,16.0,9.5,40.3,349,N
2019-08-07,18.8,9.1,25.8,91,E
2019-08-08,21.6,8.5,49.4,57,ENE
2019-08-09,19.2,11.7,32.1,249,WSW
2019-08-10,20.9,12.1,23.4,98,E
2019-08-11,21.1,12.8,40.6,1,N
2019-08-12,21.9,11.9,50.0,217,SW
2019-08-13,20.6,11.9,47.3,221,SW
2019-08-14,18.4,10.4,35.4,229,SW
2019-08-15,17.7,6.7,24.2,133,SE
2019-08-16,21.5,8.7,36.5,0,N
2019-08-17,22.5,12.3,48.5,283,WNW
2019-08-18,22.3,13.7,44.6,258,WSW
2019-08-19,20.5,14.3,50.7,281,W
2019-08-20,22.2,15.6,38.9,230,SW
2019-08-21,18.5,8.1,53.1,308,NW
2019-08-22,11.5,7.7,37.4,100,E
2019-08-23,15.3,8.8,57.6,69,ENE
2019-08-24,14.8,6.1,75.5,350,N
2019-08-25,21.7,5.1,44.1,352,N
2019-08-26,23.9,6.7,32.6,42,NE
2019-08-27,26.2,10.7,33.0,300,WNW
2019-08-28,17.9,6.4,63.0,79,E
2019-08-29,14.0,3.1,30.1,30,NNE
2019-08-30,18.3,9.1,28.9,88,E
2019-08-31,19.3,13.6,44.0,259,W
2019-09-01,16.7,7.5,52.3,165,SSE
2019-09-02,17.4,4.5,53.6,282,WNW
2019-09-03,17.5,10.7,42.8,200,SSW
2019-09-04,18.1,9.8,25.3,277,W
2019-09-05,15.5,10.9,67.1,78,ENE
2019-09-06,15.7,6.9,57.4,224,SW
2019-09-07,16.7,2.4,29.5,277,W
2019-09-08,11.5,5.7,96.7,52,NE
2019-09-09,10.7,4.7,91.9,318,NW
2019-09-10,13.7,1.0,36.1,304,NW
2019-09-11,16.2,2.2,34.3,268,W
2019-09-12,13.8,5.6,25.0,46,NE
2019-09-13,15.7,1.6,45.6,352,N
2019-09-14,15.3,0.4,55.2,271,W
2019-09-15,11.5,8.2,48.0,227,SW
2019-09-16,11.3,7.0,66.6,155,SSE
2019-09-17,8.2,5.3,101.5,341,NNW
2019-09-18,12.5,2.4,66.6,331,NNW
2019-09-19,18.5,3.3,50.1,205,SSW
2019-09-20,15.3,7.6,54.0,239,WSW
2019-09-21,14.7,2.4,71.5,32,NNE
2019-09-22,15.4,0.5,74.6,66,ENE
2019-09-23,18.9,9.2,62.0,242,WSW
2019-09-24,12.4,2.1,56.4,310,NW
2019-09-25,10.4,-0.5,37.3,74,ENE
2019-09-26,6.5,4.2,51.9,71,ENE
2019-09-27,8.2,5.3,28.7,83,E
2019-09-28,12.0,5.3,30.8,0,N
2019-09-29,9.3,3.1,59.4,259,W
2019-09-30,7.6,3.4,87.8,328,NNW
2019-10-01,9.3,2.7,63.7,323,NW
2019-10-02,6.8,2.5,54.2,334,NNW
2019-10-03,8.3,0.9,54.8,332,NNW
2019-10-04,7.8,-1.2,47.4,281,W
2019-10-05,8.2,1.4,52.3,320,NW
2019-10-06,12.2,-0.1,45.3,294,WNW
2019-10-07,11.0,3.3,62.3,238,WSW
2019-10-08,10.0,6.1,39.6,244,WSW
2019-10-09,13.0,3.2,54.0,285,WNW
2019-10-10,13.3,-0.5,31.5,308,NW
2019-10-11,18.6,1.3,29.3,293,WNW
2019-10-12,19.6,1.7,27.1,273,W
2019-10-13,15.7,4.3,71.6,81,E
2019-10-14,6.8,0.8,75.4,348,NNW
2019-10-15,9.2,1.9,20.6,88,E
2019-10-16,11.6,3.7,46.9,91,E
2019-10-17,12.1,-1.0,33.6,294,WNW
2019-10-18,8.8,3.5,49.5,57,ENE
2019-10-19,8.7,5.4,41.2,135,SE
2019-10-20,8.3,2.4,64.4,277,W
2019-10-21,7.6,-0.3,70.5,337,NNW
2019-10-22,5.5,-0.9,27.7,305,NW
2019-10-23,5.4,-0.6,39.5,0,N
2019-10-24,6.5,2.7,54.2,117,ESE
2019-10-25,9.3,3.3,34.0,245,WSW
2019-10-26,6.2,0.4,38.5,299,WNW
2019-10-27,5.8,0.2,73.3,319,NW
2019-10-28,8.1,-1.5,62.1,328,NNW
2019-10-29,8.4,-4.6,34.9,333,NNW
2019-10-30,6.0,0.7,46.8,270,W
2019-10-31,7.1,-0.3,48.2,249,WSW
2019-11-01,1.5,0.2,65.5,96,E
2019-11-02,4.6,-0.9,67.6,74,ENE
2019-11-03,1.1,-3.3,41.4,343,NNW
2019-11-04,3.5,-1.7,35.3,68,ENE
2019-11-05,4.6,-3.7,29.9,257,WSW
2019-11-06,5.5,1.7,75.0,150,SSE
2019-11-07,3.1,-5.8,87.7,225,SW
2019-11-08,-1.9,-7.3,57.1,226,SW
2019-11-09,-1.1,-7.7,77.8,339,NNW
2019-11-10,0.1,-10.7,64.4,264,W
2019-11-11,2.0,-8.8,73.4,178,S
2019-11-12,-3.2,-10.8,50.1,276,W
2019-11-13,5.2,-3.2,73.9,90,E
2019-11-14,-2.3,-8.8,70.8,224,SW
2019-11-15,-0.1,-10.2,45.6,272,W
2019-11-16,0.1,-8.0,61.2,129,SE
2019-11-17,-3.0,-7.6,115.4,295,WNW
2019-11-18,0.4,-8.1,60.5,294,WNW
2019-11-19,0.2,-7.5,55.0,282,WNW
2019-11-20,1.1,-2.2,76.3,9,N
2019-11-21,0.4,-2.1,38.2,44,NE
2019-11-22,3.1,-3.2,32.2,14,NNE
2019-11-23,1.8,-1.3,44.8,73,ENE
2019-11-24,4.4,0.8,32.0,75,ENE
2019-11-25,2.0,1.2,67.9,11,N
2019-11-26,3.1,1.1,67.4,80,E
2019-11-27,2.9,0.7,49.4,345,NNW
2019-11-28,4.2,1.4,53.4,334,NNW
2019-11-29,2.0,0.7,68.6,338,NNW
2019-11-30,2.0,0.8,123.0,3,N
2019-12-01,0.9,-8.2,132.4,331,NNW
2019-12-02,-5.3,-11.0,59.5,311,NW
2019-12-03,-1.7,-10.7,35.1,286,WNW
2019-12-04,0.2,-4.3,54.5,56,NE
2019-12-05,-1.0,-6.4,48.9,304,NW
2019-12-06,-0.1,-4.3,17.8,248,WSW
2019-12-07,-3.2,-12.9,28.2,327,NNW
2019-12-08,-4.6,-16.1,57.0,273,W
2019-12-09,-0.7,-13.1,51.8,343,NNW
2019-12-10,4.7,-2.0,61.9,231,SW
2019-12-11,3.0,-12.0,70.3,224,SW
2019-12-12,-12.0,-19.0,54.9,226,SW
2019-12-13,-15.1,-22.3,66.0,329,NNW
2019-12-14,-6.4,-20.2,41.7,293,WNW
2019-12-15,0.1,-8.8,67.6,57,ENE
2019-12-16,1.7,-8.8,69.0,202,SSW
2019-12-17,-4.2,-7.9,68.6,261,W
2019-12-18,-2.1,-10.6,44.7,339,NNW
2019-12-19,-0.8,-6.1,23.7,341,NNW
2019-12-20,0.1,-2.6,79.2,64,ENE
2019-12-21,-1.9,-11.6,68.0,335,NNW
2019-12-22,-9.6,-16.5,51.4,311,NW
2019-12-23,-9.8,-17.5,41.3,352,N
2019-12-24,-2.9,-20.2,51.5,8,N
2019-12-25,-2.9,-10.3,81.5,343,NNW
2019-12-26,-0.4,-12.1,88.0,332,NNW
2019-12-27,-3.8,-15.2,70.7,330,NNW
2019-12-28,-4.3,-17.4,32.3,350,N
2019-12-29,-3.6,-10.0,50.6,349,N
2019-12-30,-1.9,-5.9,76.9,353,N
2019-12-31,-1.2,-13.9,42.8,337,NNW
2020-01-01,-2.1,-12.0,58.6,13,NNE
2020-01-02,-1.0,-3.0,53.2,82,E
2020-01-03,0.5,-3.5,58.4,249,WSW
2020-01-04,-1.6,-6.5,52.7,295,WNW
2020-01-05,-5.7,-12.0,46.4,293,WNW
2020-01-06,-7.5,-15.7,86.8,348,NNW
2020-01-07,-8.9,-26.0,42.5,337,NNW
2020-01-08,-4.3,-15.3,26.2,11,N
2020-01-09,-5.2,-19.3,118.5,35,NE
2020-01-10,-13.0,-22.5,79.6,313,NW
2020-01-11,-7.8,-15.9,63.0,225,SW
2020-01-12,-6.3,-18.2,82.1,354,N
2020-01-13,-15.4,-21.1,71.4,338,NNW
2020-01-14,-12.9,-21.6,62.0,328,NNW
2020-01-15,-11.1,-24.6,42.3,270,W
2020-01-16,-11.2,-20.7,48.6,297,WNW
2020-01-17,-16.5,-25.6,82.3,320,NW
2020-01-18,-14.7,-22.8,107.8,342,NNW
2020-01-19,-13.8,-24.9,72.7,306,NW
2020-01-20,-11.1,-19.9,53.6,6,N
2020-01-21,-15.1,-21.2,40.2,301,WNW
2020-01-22,-7.3,-20.6,41.7,249,WSW
2020-01-23,-3.5,-7.3,52.0,225,SW
2020-01-24,-4.0,-17.1,58.3,256,WSW
2020-01-25,-8.9,-16.8,47.6,302,WNW
2020-01-26,-4.2,-13.8,52.5,264,W
2020-01-27,-4.5,-8.0,75.7,332,NNW
2020-01-28,-7.5,-11.6,74.2,351,N
2020-01-29,-9.9,-13.7,44.7,341,NNW
2020-01-30,-4.7,-13.5,66.8,348,NNW
2020-01-31,-9.2,-13.4,50.8,236,SW
2020-02-01,-6.7,-18.7,49.4,292,WNW
2020-02-02,-5.5,-10.8,67.8,262,W
2020-02-03,-2.8,-5.5,95.1,25,NNE
2020-02-04,-0.5,-6.4,82.0,287,WNW
2020-02-05,-5.7,-12.6,58.4,277,W
2020-02-06,-12.6,-18.7,69.9,272,W
2020-02-07,-11.0,-15.6,58.4,240,WSW
2020-02-08,-11.8,-17.0,84.4,0,N
2020-02-09,-12.0,-23.0,59.6,340,NNW
2020-02-10,-5.7,-16.6,62.8,260,W
2020-02-11,-4.1,-13.3,35.1,184,S
2020-02-12,-3.2,-13.7,25.6,267,W
2020-02-13,-3.6,-17.5,67.3,306,NW
2020-02-14,-17.5,-26.6,85.6,287,WNW
2020-02-15,-15.4,-21.1,87.6,307,NW
2020-02-16,-6.2,-17.4,58.4,256,WSW
2020-02-17,-2.6,-10.3,54.8,219,SW
2020-02-18,-9.3,-21.8,64.3,347,NNW
2020-02-19,-3.9,-16.7,44.2,261,W
2020-02-20,-6.6,-23.3,65.8,262,W
2020-02-21,-13.5,-24.8,66.4,267,W
2020-02-22,-6.5,-17.4,56.0,273,W
2020-02-23,-0.8,-9.6,55.0,214,SW
2020-02-24,-7.8,-16.5,42.9,341,NNW
2020-02-25,1.6,-7.8,37.8,58,ENE
2020-02-26,-4.3,-16.3,22.4,84,E
2020-02-27,-6.1,-21.4,61.5,5,N
2020-02-28,-5.1,-15.8,62.4,54,NE
2020-02-29,-3.0,-6.9,44.1,41,NE
2020-03-01,-2.8,-12.2,32.8,13,NNE
2020-03-02,-2.7,-16.3,40.0,17,NNE
2020-03-03,-2.1,-12.7,34.0,283,WNW
2020-03-04,-1.2,-6.3,76.3,260,W
2020-03-05,2.4,-3.9,94.9,41,NE
2020-03-06,-1.5,-8.3,99.3,308,NW
2020-03-07,-1.6,-11.9,81.5,314,NW
2020-03-08,-2.9,-14.3,60.2,0,N
2020-03-09,-8.0,-24.4,98.1,261,W
2020-03-10,-9.4,-22.7,61.4,285,WNW
2020-03-11,-7.8,-16.5,39.7,284,WNW
2020-03-12,-3.1,-15.2,32.3,6,N
2020-03-13,0.8,-16.9,51.1,295,WNW
2020-03-14,-2.2,-8.4,68.7,53,NE
2020-03-15,-3.0,-10.3,108.6,257,WSW
2020-03-16,-6.8,-19.7,49.4,317,NW
2020-03-17,-4.1,-15.6,58.5,244,WSW
2020-03-18,0.4,-8.7,76.3,160,SSE
2020-03-19,-6.2,-17.8,62.2,317,NW
2020-03-20,-1.2,-17.7,50.5,312,NW
2020-03-21,1.2,-5.9,89.4,103,ESE
2020-03-22,-4.6,-14.9,73.2,290,WNW
2020-03-23,-1.8,-11.8,76.8,322,NW
2020-03-24,-1.0,-7.2,57.6,212,SSW
2020-03-25,5.8,-9.5,41.1,223,SW
2020-03-26,3.6,-15.7,16.1,82,E
2020-03-27,-0.1,-4.4,84.6,90,E
2020-03-28,0.0,-1.7,11.6,59,ENE
2020-03-29,-0.9,-6.4,24.1,331,NNW
2020-03-30,1.0,-8.9,56.1,3,N
2020-03-31,0.8,-4.3,111.5,3,N
2020-04-01,4.3,0.3,89.8,352,N
2020-04-02,6.5,0.3,71.3,91,E
2020-04-03,0.5,-3.2,75.0,4,N
2020-04-04,1.0,-6.0,30.4,21,NNE
2020-04-05,1.2,-8.7,32.9,250,WSW
2020-04-06,0.6,-5.0,36.4,241,WSW
2020-04-07,-0.3,-6.4,53.8,183,S
2020-04-08,2.8,-11.5,40.9,330,NNW
2020-04-09,1.3,-7.6,37.6,203,SSW
2020-04-10,1.1,-8.4,75.9,302,WNW
2020-04-11,2.7,-2.9,78.7,55,NE
2020-04-12,3.5,-3.6,48.4,229,SW
2020-04-13,5.3,-6.7,31.2,241,WSW
2020-04-14,4.7,-2.3,53.4,245,WSW
2020-04-15,2.8,-3.9,67.4,225,SW
2020-04-16,3.4,-7.6,43.5,238,WSW
2020-04-17,0.3,-9.7,48.8,270,W
2020-04-18,0.0,-10.5,45.0,239,WSW
2020-04-19,2.6,-7.2,38.2,227,SW
2020-04-20,2.3,-2.5,67.4,77,ENE
2020-04-21,5.0,-1.7,49.9,242,WSW
2020-04-22,11.6,-4.1,44.9,289,WNW
2020-04-23,5.3,-3.3,56.8,52,NE
2020-04-24,0.7,-3.9,60.8,195,SSW
2020-04-25,3.7,-2.6,60.2,204,SSW
2020-04-26,4.2,-3.4,46.0,239,WSW
2020-04-27,6.0,-4.9,42.9,270,W
2020-04-28,6.1,-2.9,38.1,236,SW
2020-04-29,11.4,-6.2,40.3,30,NNE
2020-04-30,15.1,-3.9,31.3,350,N
2020-05-01,6.8,1.5,50.4,179,S
2020-05-02,8.3,1.3,36.1,202,SSW
2020-05-03,7.7,0.1,68.3,351,N
2020-05-04,5.4,-1.5,69.8,0,N
2020-05-05,3.3,-0.6,80.6,324,NW
2020-05-06,2.3,-0.7,85.4,10,N
2020-05-07,6.7,-0.2,18.6,37,NE
2020-05-08,3.8,-1.8,32.5,37,NE
2020-05-09,5.7,-0.4,48.7,293,WNW
2020-05-10,5.9,-0.1,53.3,100,E
2020-05-11,6.4,-0.2,62.8,178,S
2020-05-12,9.6,-0.6,57.8,235,SW
2020-05-13,6.5,0.1,72.0,62,ENE
2020-05-14,4.6,0.0,49.7,19,NNE
2020-05-15,7.7,0.7,37.5,0,N
2020-05-16,8.3,-0.4,27.9,343,NNW
2020-05-17,8.7,-0.8,23.5,0,N
2020-05-18,7.5,-0.7,27.4,166,SSE
2020-05-19,7.7,-1.4,36.5,110,ESE
2020-05-20,12.3,-2.0,51.3,336,NNW
2020-05-21,16.5,2.9,39.7,273,W
2020-05-22,5.7,-0.7,75.5,156,SSE
2020-05-23,6.9,-2.7,97.4,311,NW
2020-05-24,9.6,0.1,73.8,327,NNW
2020-05-25,11.8,-3.6,56.4,234,SW
2020-05-26,9.3,3.2,59.3,237,WSW
2020-05-27,10.8,2.5,35.5,317,NW
2020-05-28,13.0,1.9,28.2,92,E
2020-05-29,9.8,1.6,25.9,84,E
2020-05-30,10.5,4.2,50.9,238,WSW
2020-05-31,8.4,1.5,37.3,221,SW
2020-06-01,7.3,1.4,31.7,95,E
2020-06-02,11.0,4.6,44.7,0,N
2020-06-03,11.8,4.2,53.6,66,ENE
2020-06-04,15.5,4.0,40.0,98,E
2020-06-05,13.7,2.4,40.3,224,SW
2020-06-06,15.8,3.6,48.7,189,S
2020-06-07,15.2,1.2,44.8,268,W
2020-06-08,4.2,0.8,75.6,99,E
2020-06-09,5.4,0.8,77.8,348,NNW
2020-06-10,10.8,1.0,36.7,270,W
2020-06-11,10.1,1.3,41.4,224,SW
2020-06-12,9.9,6.4,74.3,203,SSW
2020-06-13,15.1,4.5,38.8,206,SSW
2020-06-14,14.7,3.6,37.4,57,ENE
2020-06-15,18.7,0.2,46.0,74,ENE
2020-06-16,18.4,6.4,47.6,257,WSW
2020-06-17,12.1,4.5,24.2,100,E
2020-06-18,17.0,7.4,33.6,233,SW
2020-06-19,14.3,3.6,53.2,4,N
2020-06-20,10.0,0.3,30.0,88,E
2020-06-21,17.0,0.5,47.2,80,E
2020-06-22,13.1,8.8,39.2,227,SW
2020-06-23,18.9,8.2,33.8,246,WSW
2020-06-24,25.2,8.6,46.9,189,S
2020-06-25,16.6,8.7,30.0,348,NNW
2020-06-26,16.1,8.5,19.3,121,ESE
2020-06-27,13.7,6.2,37.7,119,ESE
2020-06-28,13.3,6.3,34.4,62,ENE
2020-06-29,15.2,6.8,27.2,69,ENE
2020-06-30,27.7,7.4,42.3,107,ESE
2020-07-01,21.6,9.4,46.3,246,WSW
2020-07-02,9.6,4.8,37.4,353,N
2020-07-03,11.4,3.5,24.9,84,E
2020-07-04,17.8,4.2,25.5,52,NE
2020-07-05,15.5,7.3,21.0,359,N
2020-07-06,21.5,4.0,37.4,75,ENE
2020-07-07,22.4,9.4,40.2,220,SW
2020-07-08,20.9,10.7,50.0,216,SW
2020-07-09,14.4,11.5,47.5,200,SSW
2020-07-10,21.3,10.5,28.4,204,SSW
2020-07-11,17.3,11.2,41.7,230,SW
2020-07-12,25.2,12.4,56.6,237,WSW
2020-07-13,17.9,8.8,62.7,225,SW
2020-07-14,17.3,7.1,60.2,2,N
2020-07-15,15.1,2.7,27.7,45,NE
2020-07-16,23.3,3.6,30.9,54,NE
2020-07-17,20.8,8.8,25.8,159,SSE
2020-07-18,24.3,7.4,36.2,120,ESE
2020-07-19,25.4,14.0,42.8,248,WSW
2020-07-20,25.9,12.9,37.9,205,SSW
2020-07-21,26.0,15.0,50.6,186,S
2020-07-22,24.8,10.7,50.7,205,SSW
2020-07-23,22.8,10.6,38.9,260,W
2020-07-24,25.1,10.5,34.6,261,W
2020-07-25,21.6,13.1,36.1,204,SSW
2020-07-26,17.9,11.5,30.1,161,SSE
2020-07-27,18.8,7.7,22.7,79,E
2020-07-28,14.7,10.7,23.0,48,NE
2020-07-29,17.5,10.0,26.5,107,ESE
2020-07-30,14.3,9.5,27.7,93,E
2020-07-31,14.9,11.0,31.0,59,ENE
2020-08-01,18.1,10.8,28.2,51,NE
2020-08-02,21.1,7.6,30.1,64,ENE
2020-08-03,20.7,12.8,40.4,270,W
2020-08-04,17.8,9.4,60.6,75,ENE
2020-08-05,23.9,7.2,39.5,284,WNW
2020-08-06,17.9,12.9,60.8,258,WSW
2020-08-07,26.0,10.6,47.7,269,W
2020-08-08,22.9,14.0,47.1,131,SE
2020-08-09,26.0,14.2,36.6,270,W
2020-08-10,21.8,13.5,23.3,167,SSE
2020-08-11,24.7,14.5,48.5,183,S
2020-08-12,22.5,17.0,48.8,208,SSW
2020-08-13,25.0,15.8,46.7,223,SW
2020-08-14,19.0,9.3,63.7,101,E
2020-08-15,24.7,6.0,41.0,343,NNW
2020-08-16,24.8,9.2,47.9,278,W
2020-08-17,23.2,11.5,33.1,232,SW
2020-08-18,17.9,11.5,41.2,69,ENE
2020-08-19,12.7,9.6,38.6,101,E
2020-08-20,20.0,11.9,37.2,104,ESE
2020-08-21,19.4,12.5,41.9,144,SE
2020-08-22,18.9,8.4,28.6,263,W
2020-08-23,15.8,11.2,19.9,326,NW
2020-08-24,15.8,9.4,29.5,114,ESE
2020-08-25,15.9,7.5,36.2,61,ENE
2020-08-26,18.4,11.1,51.8,86,E
2020-08-27,16.4,5.0,40.2,210,SSW
2020-08-28,16.7,8.9,42.4,131,SE
2020-08-29,17.8,8.5,45.8,280,W
2020-08-30,13.8,8.8,43.1,174,S
2020-08-31,10.2,6.4,56.0,37,NE
2020-09-01,20.3,4.0,52.8,342,NNW
2020-09-02,17.5,4.2,54.0,289,WNW
2020-09-03,14.8,10.9,62.3,195,SSW
2020-09-04,17.1,11.4,67.6,176,S
2020-09-05,20.2,9.6,61.0,218,SW
2020-09-06,19.0,8.0,57.8,231,SW
2020-09-07,18.0,6.9,51.6,225,SW
2020-09-08,18.3,8.3,82.4,197,SSW
2020-09-09,17.7,7.9,65.5,218,SW
2020-09-10,14.1,8.1,31.4,270,W
2020-09-11,12.6,2.3,40.6,62,ENE
2020-09-12,15.9,2.0,44.4,12,NNE
2020-09-13,14.0,1.6,53.7,301,WNW
2020-09-14,13.4,10.0,71.0,198,SSW
2020-09-15,13.5,4.7,71.9,255,WSW
2020-09-16,14.0,1.7,49.5,296,WNW
2020-09-17,15.6,7.3,76.7,187,S
2020-09-18,11.5,-1.0,56.9,268,W
2020-09-19,12.4,0.9,55.9,350,N
2020-09-20,10.5,-0.5,40.0,22,NNE
2020-09-21,15.1,1.8,57.1,320,NW
2020-09-22,14.7,5.6,38.5,255,WSW
2020-09-23,15.9,5.2,45.6,239,WSW
2020-09-24,16.0,8.7,62.9,103,ESE
2020-09-25,10.8,1.9,59.0,260,W
2020-09-26,12.5,2.2,56.0,270,W
2020-09-27,12.3,5.7,49.5,206,SSW
2020-09-28,12.3,4.8,36.1,247,WSW
2020-09-29,13.3,10.0,31.0,226,SW
2020-09-30,19.3,12.2,52.0,230,SW
2020-10-01,18.4,9.7,111.4,139,SE
2020-10-02,18.0,7.9,38.5,247,WSW
2020-10-03,17.2,6.4,70.4,4,N
2020-10-04,8.3,-0.3,64.2,317,NW
2020-10-05,11.3,-0.7,39.7,313,NW
2020-10-06,10.2,3.1,64.5,278,W
2020-10-07,10.9,9.6,65.8,201,SSW
2020-10-08,10.4,7.7,43.9,104,ESE
2020-10-09,8.4,2.1,54.6,333,NNW
2020-10-10,6.2,1.5,55.9,286,WNW
2020-10-11,10.5,-0.4,67.5,209,SSW
2020-10-12,7.2,-0.8,54.0,275,W
2020-10-13,9.7,-1.4,42.9,292,WNW
2020-10-14,10.2,2.5,34.2,271,W
2020-10-15,9.5,4.9,62.5,82,E
2020-10-16,16.8,6.3,34.3,283,WNW
2020-10-17,12.6,1.6,33.6,183,S
2020-10-18,12.0,4.4,77.8,54,NE
2020-10-19,11.9,0.1,20.8,278,W
2020-10-20,10.0,4.6,34.3,218,SW
2020-10-21,8.3,1.5,66.2,57,ENE
2020-10-22,3.8,0.1,40.7,5,N
2020-10-23,2.9,-2.1,40.9,331,NNW
2020-10-24,5.5,-2.0,45.1,272,W
2020-10-25,8.2,-0.8,58.3,173,S
2020-10-26,4.1,-3.8,51.5,305,NW
2020-10-27,1.3,-3.4,26.7,258,WSW
2020-10-28,1.9,-5.2,49.1,40,NE
2020-10-29,1.9,-7.7,23.4,272,W
2020-10-30,0.8,-6.1,66.9,243,WSW
2020-10-31,1.2,-8.5,50.5,316,NW
2020-11-01,3.3,-7.6,55.0,293,WNW
2020-11-02,8.8,1.1,65.8,198,SSW
2020-11-03,9.8,-5.8,113.5,140,SE
2020-11-04,-2.7,-9.0,59.0,316,NW
2020-11-05,1.4,-10.5,51.4,285,WNW
2020-11-06,8.0,0.5,73.0,173,S
2020-11-07,6.4,-1.0,89.7,250,WSW
2020-11-08,-0.6,-7.3,50.9,343,NNW
2020-11-09,1.1,-7.3,40.2,295,WNW
2020-11-10,7.1,-2.7,59.6,25,NNE
2020-11-11,8.8,-4.3,70.1,238,WSW
2020-11-12,7.0,-0.6,74.5,123,ESE
2020-11-13,2.5,-4.5,53.1,316,NW
2020-11-14,-0.1,-6.5,27.2,285,WNW
2020-11-15,1.6,-6.2,30.1,27,NNE
2020-11-16,0.0,-9.1,47.5,5,N
2020-11-17,2.9,0.0,52.6,113,ESE
2020-11-18,0.2,-7.9,39.5,237,WSW
2020-11-19,-4.0,-10.7,41.9,286,WNW
2020-11-20,-0.5,-10.8,32.2,257,WSW
2020-11-21,0.6,-5.3,54.9,248,WSW
2020-11-22,-2.1,-12.3,71.6,322,NW
2020-11-23,-3.2,-13.9,33.3,271,W
2020-11-24,4.6,-3.4,83.3,118,ESE
2020-11-25,-2.5,-12.1,110.1,341,NNW
2020-11-26,-2.0,-10.6,36.2,214,SW
2020-11-27,3.7,-12.0,41.5,6,N
2020-11-28,2.7,-0.4,29.4,227,SW
2020-11-29,0.2,-1.1,36.3,28,NNE
2020-11-30,-0.8,-8.1,62.5,327,NNW
2020-12-01,1.5,-8.0,29.9,277,W
2020-12-02,5.5,1.5,28.9,127,SE
2020-12-03,7.9,1.8,44.2,56,NE
2020-12-04,1.9,-1.3,52.0,192,SSW
2020-12-05,3.9,-0.2,33.8,167,SSE
2020-12-06,0.1,-1.5,60.7,256,WSW
2020-12-07,1.1,-1.6,72.0,22,NNE
2020-12-08,2.4,-0.3,65.3,337,NNW
2020-12-09,1.7,0.4,55.4,352,N
2020-12-10,1.4,-1.6,47.4,359,N
2020-12-11,1.9,-3.6,29.4,8,N
2020-12-12,-1.8,-8.7,56.3,319,NW
2020-12-13,-8.2,-17.9,45.9,347,NNW
2020-12-14,-2.4,-8.9,46.0,16,NNE
2020-12-15,-1.1,-2.8,52.1,88,E
2020-12-16,-1.4,-6.8,107.8,24,NNE
2020-12-17,0.5,-6.8,76.8,316,NW
2020-12-18,-1.1,-10.0,43.4,345,NNW
2020-12-19,-6.2,-15.3,35.9,326,NW
2020-12-20,-3.3,-12.5,42.3,276,W
2020-12-21,-0.8,-13.2,28.8,352,N
2020-12-22,3.7,-1.3,57.4,133,SE
2020-12-23,1.2,-10.7,68.9,188,S
2020-12-24,-0.8,-17.2,53.6,327,NNW
2020-12-25,6.8,-0.8,82.0,194,SSW
2020-12-26,10.2,1.9,77.3,202,SSW
2020-12-27,5.6,-2.0,68.4,112,ESE
2020-12-28,-1.9,-9.5,61.4,211,SSW
2020-12-29,-0.5,-7.9,33.4,276,W
2020-12-30,-0.2,-8.4,50.3,124,SE
2020-12-31,-1.7,-19.0,54.1,346,NNW
2021-01-01,-0.9,-15.7,70.8,184,S
2021-01-02,-11.2,-17.7,64.0,353,N
2021-01-03,-5.2,-16.3,31.0,347,NNW
2021-01-04,-2.1,-11.3,31.3,256,WSW
2021-01-05,-4.9,-13.6,32.7,348,NNW
2021-01-06,1.8,-5.2,79.4,355,N
2021-01-07,2.0,0.8,86.5,355,N
2021-01-08,2.8,1.1,79.2,355,N
2021-01-09,1.9,-0.9,80.8,344,NNW
2021-01-10,-0.9,-7.7,66.9,328,NNW
2021-01-11,-7.4,-13.7,47.8,336,NNW
2021-01-12,-6.3,-16.4,30.3,340,NNW
2021-01-13,-3.7,-17.2,25.9,251,WSW
2021-01-14,-2.0,-12.3,33.7,322,NW
2021-01-15,-1.1,-9.4,35.0,237,WSW
2021-01-16,-4.5,-11.8,22.9,17,NNE
2021-01-17,0.0,-10.5,45.3,2,N
2021-01-18,1.6,-1.1,36.8,74,ENE
2021-01-19,0.5,-6.9,28.6,174,S
2021-01-20,-4.6,-11.7,74.0,310,NW
2021-01-21,-4.8,-14.4,35.0,244,WSW
2021-01-22,-2.2,-6.2,55.7,119,ESE
2021-01-23,1.0,-2.8,52.2,354,N
2021-01-24,0.4,-3.2,59.7,256,WSW
2021-01-25,0.4,-1.5,87.9,0,N
2021-01-26,0.1,-3.8,72.7,11,N
2021-01-27,-3.8,-8.2,55.3,351,N
2021-01-28,-3.7,-9.7,68.1,314,NW
2021-01-29,-5.0,-10.0,67.6,330,NNW
2021-01-30,0.3,-7.6,80.7,309,NW
2021-01-31,-0.1,-5.8,86.4,331,NNW
2021-02-01,-4.2,-12.3,51.6,303,WNW
2021-02-02,-5.3,-14.5,42.6,305,NW
2021-02-03,-1.5,-9.0,83.1,64,ENE
2021-02-04,1.1,-1.5,59.6,70,ENE
2021-02-05,0.3,-1.5,65.5,355,N
2021-02-06,1.1,-1.6,45.2,1,N
2021-02-07,1.2,-3.5,64.0,76,ENE
2021-02-08,1.8,-6.3,54.6,257,WSW
2021-02-09,2.8,0.3,59.6,0,N
2021-02-10,1.4,-6.7,36.9,21,NNE
2021-02-11,0.8,-5.5,58.3,13,NNE
2021-02-12,-1.3,-4.9,80.3,1,N
2021-02-13,-4.9,-9.0,65.0,309,NW
2021-02-14,-6.6,-16.2,59.0,347,NNW
2021-02-15,-8.7,-19.5,29.8,259,W
2021-02-16,-3.0,-16.7,44.4,310,NW
2021-02-17,-7.2,-13.2,71.9,355,N
2021-02-18,-3.7,-10.6,47.4,317,NW
2021-02-19,-2.8,-16.5,46.9,338,NNW
2021-02-20,-6.4,-19.6,50.4,315,NW
2021-02-21,-14.1,-22.0,65.7,324,NW
2021-02-22,-6.3,-17.2,61.0,315,NW
2021-02-23,0.4,-11.7,29.6,214,SW
2021-02-24,-1.8,-6.1,58.6,47,NE
2021-02-25,4.4,-10.9,37.4,344,NNW
2021-02-26,-5.6,-13.6,66.1,355,N
2021-02-27,-4.6,-19.3,69.5,333,NNW
2021-02-28,-1.3,-6.2,69.1,211,SSW
2021-03-01,-0.6,-10.5,64.6,350,N
2021-03-02,-1.5,-4.7,76.9,114,ESE
2021-03-03,-1.0,-11.6,52.4,74,ENE
2021-03-04,-3.9,-11.4,46.8,304,NW
2021-03-05,-3.4,-7.0,31.7,138,SE
2021-03-06,-2.9,-9.4,33.6,175,S
2021-03-07,-2.5,-8.4,48.5,189,S
2021-03-08,-1.5,-11.6,40.4,274,W
2021-03-09,-1.9,-13.6,44.6,322,NW
2021-03-10,1.6,-8.6,45.1,281,W
2021-03-11,1.3,-4.5,78.9,175,S
2021-03-12,1.3,-5.3,64.6,66,ENE
2021-03-13,0.2,-6.2,85.3,210,SSW
2021-03-14,-3.7,-11.3,83.7,335,NNW
2021-03-15,-5.3,-18.8,65.8,343,NNW
2021-03-16,-5.5,-13.1,76.4,346,NNW
2021-03-17,-7.5,-18.0,56.4,327,NNW
2021-03-18,0.2,-18.0,36.9,289,WNW
2021-03-19,-0.8,-7.6,64.5,80,E
2021-03-20,-5.6,-14.2,65.7,348,NNW
2021-03-21,-0.4,-14.2,49.9,278,W
2021-03-22,10.5,-2.6,52.0,236,SW
2021-03-23,8.6,-2.5,36.4,275,W
2021-03-24,6.8,-2.4,47.9,260,W
2021-03-25,7.7,-3.7,25.3,97,E
2021-03-26,1.7,-6.1,74.6,197,SSW
2021-03-27,-3.7,-12.0,72.7,355,N
2021-03-28,-1.5,-15.2,53.0,338,NNW
2021-03-29,0.0,-10.8,52.9,258,WSW
2021-03-30,0.2,-11.8,96.8,150,SSE
2021-03-31,3.0,-18.0,36.7,315,NW
2021-04-01,7.9,-5.4,22.6,91,E
2021-04-02,4.7,1.1,33.5,65,ENE
2021-04-03,7.8,1.9,37.4,78,ENE
2021-04-04,5.8,0.1,36.9,68,ENE
2021-04-05,3.8,1.2,44.0,60,ENE
2021-04-06,5.8,2.0,43.2,31,NNE
2021-04-07,9.3,1.8,55.1,18,NNE
2021-04-08,7.1,1.4,38.7,12,NNE
2021-04-09,12.9,-0.5,63.8,353,N
2021-04-10,5.5,-3.3,82.4,346,NNW
2021-04-11,5.9,1.6,69.9,19,NNE
2021-04-12,6.0,0.1,65.8,18,NNE
2021-04-13,4.0,0.0,61.6,8,N
2021-04-14,4.8,-4.5,38.0,23,NNE
2021-04-15,4.0,-4.1,51.0,36,NE
2021-04-16,1.6,-5.6,38.8,40,NE
2021-04-17,2.8,-8.7,27.4,70,ENE
2021-04-18,5.3,-4.0,42.6,108,ESE
2021-04-19,5.8,0.5,62.1,67,ENE
2021-04-20,4.3,0.6,95.4,15,NNE
2021-04-21,7.2,-0.6,44.3,340,NNW
2021-04-22,6.5,-2.9,53.3,254,WSW
2021-04-23,5.3,0.0,61.9,57,ENE
2021-04-24,4.3,-1.4,34.6,175,S
2021-04-25,7.7,-2.5,47.2,198,SSW
2021-04-26,8.7,-2.2,50.6,249,WSW
2021-04-27,2.9,0.2,74.7,56,NE
2021-04-28,9.0,0.0,32.7,31,NNE
2021-04-29,4.3,-0.2,25.6,48,NE
2021-04-30,5.8,0.0,30.9,240,WSW
2021-05-01,2.4,0.2,51.2,60,ENE
2021-05-02,5.3,0.4,43.3,341,NNW
2021-05-03,8.0,0.7,44.1,238,WSW
2021-05-04,9.5,1.0,25.8,227,SW
2021-05-05,11.2,2.0,49.9,333,NNW
2021-05-06,6.4,1.7,44.1,32,NNE
2021-05-07,7.7,0.7,41.0,30,NNE
2021-05-08,6.2,2.0,46.4,61,ENE
2021-05-09,2.2,0.3,73.0,49,NE
2021-05-10,8.7,0.7,57.3,18,NNE
2021-05-11,4.5,1.4,71.5,352,N
2021-05-12,5.4,1.4,88.6,341,NNW
2021-05-13,7.6,1.2,83.5,345,NNW
2021-05-14,8.3,1.9,57.3,328,NNW
2021-05-15,8.5,2.1,55.5,327,NNW
2021-05-16,9.0,1.3,37.3,355,N
2021-05-17,9.5,-1.9,32.5,10,N
2021-05-18,15.4,1.4,40.5,171,S
2021-05-19,17.1,0.4,45.0,272,W
2021-05-20,10.8,0.7,71.1,87,E
2021-05-21,11.2,1.7,52.7,235,SW
2021-05-22,5.0,0.5,39.2,78,ENE
2021-05-23,3.3,0.9,56.1,71,ENE
2021-05-24,7.0,-4.6,73.2,343,NNW
2021-05-25,12.3,-0.1,69.2,215,SW
2021-05-26,11.3,-4.7,40.9,7,N
2021-05-27,8.3,3.1,29.3,93,E
2021-05-28,7.7,1.1,59.8,45,NE
2021-05-29,14.8,0.7,69.2,265,W
2021-05-30,19.0,0.7,45.7,259,W
2021-05-31,15.7,2.3,40.3,270,W
2021-06-01,11.1,6.2,61.6,213,SSW
2021-06-02,14.9,5.1,38.2,288,WNW
2021-06-03,15.9,4.1,33.2,22,NNE
2021-06-04,12.7,8.0,37.9,205,SSW
2021-06-05,14.0,0.4,57.8,233,SW
2021-06-06,14.2,3.9,81.0,87,E
2021-06-07,13.2,2.4,55.7,85,E
2021-06-08,23.1,7.2,61.5,171,S
2021-06-09,13.0,3.8,53.5,318,NW
2021-06-10,8.6,-1.1,50.3,51,NE
2021-06-11,12.8,1.4,38.3,352,N
2021-06-12,15.2,3.9,52.0,248,WSW
2021-06-13,11.6,4.3,34.5,79,E
2021-06-14,13.4,2.6,43.5,22,NNE
2021-06-15,17.5,3.1,31.1,121,ESE
2021-06-16,13.2,7.8,27.2,85,E
2021-06-17,11.4,4.9,23.6,71,ENE
2021-06-18,16.3,7.2,44.5,228,SW
2021-06-19,23.2,9.2,44.7,253,WSW
2021-06-20,19.6,7.8,20.2,182,S
2021-06-21,17.7,8.4,23.8,152,SSE
2021-06-22,22.3,7.1,30.2,43,NE
2021-06-23,25.1,13.3,41.0,196,SSW
2021-06-24,19.3,7.6,49.8,217,SW
2021-06-25,20.3,8.2,64.4,216,SW
2021-06-26,15.5,10.2,50.4,218,SW
2021-06-27,19.1,10.9,32.4,232,SW
2021-06-28,19.1,10.2,75.2,200,SSW
2021-06-29,18.8,2.7,43.7,141,SE
2021-06-30,16.1,9.5,48.9,230,SW
2021-07-01,12.5,2.9,43.4,359,N
2021-07-02,15.7,1.5,33.4,45,NE
2021-07-03,22.2,6.1,31.9,110,ESE
2021-07-04,15.9,2.2,25.8,79,E
2021-07-05,9.0,4.7,30.9,83,E
2021-07-06,20.1,7.1,47.6,66,ENE
2021-07-07,16.0,12.0,44.6,195,SSW
2021-07-08,18.5,4.3,66.7,341,NNW
2021-07-09,17.9,7.5,34.2,216,SW
2021-07-10,20.3,8.5,47.3,73,ENE
2021-07-11,20.8,9.9,34.9,246,WSW
2021-07-12,15.5,9.8,75.7,254,WSW
2021-07-13,20.8,4.3,43.1,13,NNE
2021-07-14,22.3,9.8,54.4,269,W
2021-07-15,16.8,12.7,56.4,256,WSW
2021-07-16,18.9,12.9,47.4,234,SW
2021-07-17,23.7,13.0,59.7,188,S
2021-07-18,24.0,10.3,46.8,242,WSW
2021-07-19,24.1,9.8,40.0,39,NE
2021-07-20,23.4,10.2,30.8,222,SW
2021-07-21,18.5,11.6,58.1,347,NNW
2021-07-22,14.5,8.3,19.2,83,E
2021-07-23,11.1,7.7,23.7,99,E
2021-07-24,14.9,7.1,23.9,65,ENE
2021-07-25,19.7,4.7,34.2,79,E
2021-07-26,23.3,9.4,26.4,231,SW
2021-07-27,22.6,12.9,20.1,203,SSW
2021-07-28,20.2,13.5,33.9,94,E
2021-07-29,18.1,12.5,49.6,300,WNW
2021-07-30,18.6,8.2,54.0,231,SW
2021-07-31,16.1,10.7,51.5,182,S
2021-08-01,17.1,10.8,52.6,209,SSW
2021-08-02,21.1,10.2,45.9,201,SSW
2021-08-03,20.4,12.4,58.2,217,SW
2021-08-04,22.3,12.2,48.0,203,SSW
2021-08-05,21.6,12.0,68.6,238,WSW
2021-08-06,19.8,14.1,50.4,223,SW
2021-08-07,18.6,11.9,55.4,246,WSW
2021-08-08,17.1,8.9,37.1,49,NE
2021-08-09,22.2,4.8,56.3,157,SSE
2021-08-10,16.6,11.4,49.4,246,WSW
2021-08-11,16.2,10.5,29.7,214,SW
2021-08-12,19.9,8.4,19.4,60,ENE
2021-08-13,23.0,14.3,25.0,78,ENE
2021-08-14,25.5,17.8,33.0,195,SSW
2021-08-15,20.0,15.2,22.8,115,ESE
2021-08-16,22.3,12.4,46.1,251,WSW
2021-08-17,23.8,13.9,40.5,253,WSW
2021-08-18,26.8,13.9,42.4,231,SW
2021-08-19,22.9,15.3,46.4,214,SW
2021-08-20,19.1,10.9,36.1,68,ENE
2021-08-21,17.3,7.9,42.3,12,NNE
2021-08-22,19.2,7.0,53.9,341,NNW
2021-08-23,24.0,8.5,33.7,69,ENE
2021-08-24,16.5,10.3,28.5,54,NE
2021-08-25,21.9,11.8,70.6,60,ENE
2021-08-26,18.5,6.9,31.5,41,NE
2021-08-27,19.3,12.0,50.6,92,E
2021-08-28,16.9,9.4,100.1,337,NNW
2021-08-29,20.9,5.7,51.0,331,NNW
2021-08-30,14.7,4.3,32.4,251,WSW
2021-08-31,8.8,6.2,32.7,64,ENE
2021-09-01,10.7,6.7,26.8,66,ENE
2021-09-02,14.6,8.0,42.2,53,NE
2021-09-03,8.9,5.3,58.1,15,NNE
2021-09-04,10.0,7.1,66.2,40,NE
2021-09-05,14.7,6.1,57.9,354,N
2021-09-06,15.6,4.3,29.3,7,N
2021-09-07,13.2,9.2,37.7,91,E
2021-09-08,17.9,10.4,59.5,186,S
2021-09-09,17.9,6.9,28.4,5,N
2021-09-10,18.3,13.9,44.3,176,S
2021-09-11,18.6,12.5,72.5,121,ESE
2021-09-12,16.2,5.6,56.3,285,WNW
2021-09-13,18.2,10.4,50.0,68,ENE
2021-09-14,11.5,3.0,69.0,345,NNW
2021-09-15,9.0,-1.1,52.7,326,NW
2021-09-16,18.7,6.3,41.5,154,SSE
2021-09-17,17.5,5.1,58.4,268,W
2021-09-18,16.1,11.6,66.1,234,SW
2021-09-19,16.7,6.5,46.5,260,W
2021-09-20,14.3,2.5,62.2,345,NNW
2021-09-21,16.6,5.8,59.0,258,WSW
2021-09-22,17.7,11.4,49.3,209,SSW
2021-09-23,11.7,6.8,38.9,197,SSW
2021-09-24,12.7,2.5,25.3,141,SE
2021-09-25,11.1,4.4,21.7,60,ENE
2021-09-26,19.2,9.7,36.9,187,S
2021-09-27,13.0,9.7,40.6,70,ENE
2021-09-28,14.5,8.6,49.1,209,SSW
2021-09-29,11.7,5.6,34.9,242,WSW
2021-09-30,6.8,4.1,53.9,37,NE
2021-10-01,6.6,4.3,48.5,30,NNE
2021-10-02,6.6,3.8,49.8,38,NE
2021-10-03,7.7,2.5,31.3,21,NNE
2021-10-04,9.1,2.8,42.9,341,NNW
2021-10-05,12.1,3.2,46.1,359,N
2021-10-06,15.7,2.7,56.4,257,WSW
2021-10-07,10.5,3.7,50.5,307,NW
2021-10-08,10.8,0.8,57.0,308,NW
2021-10-09,8.6,0.5,55.4,355,N
2021-10-10,13.4,-3.7,26.9,19,NNE
2021-10-11,9.0,4.3,14.6,294,WNW
2021-10-12,10.5,1.5,64.7,86,E
2021-10-13,12.5,1.5,46.0,347,NNW
2021-10-14,11.5,-0.1,68.5,48,NE
2021-10-15,9.3,6.5,85.0,351,N
2021-10-16,9.3,2.5,77.9,345,NNW
2021-10-17,9.2,-1.1,51.2,337,NNW
2021-10-18,5.6,3.6,43.2,60,ENE
2021-10-19,4.8,4.1,67.7,68,ENE
2021-10-20,8.3,4.7,54.5,66,ENE
2021-10-21,5.8,2.0,76.1,0,N
2021-10-22,12.3,0.1,46.2,306,NW
2021-10-23,3.7,0.8,33.5,59,ENE
2021-10-24,6.6,1.7,80.2,86,E
2021-10-25,4.4,1.0,87.6,334,NNW
2021-10-26,6.6,-1.3,36.7,266,W
2021-10-27,7.7,-0.7,29.0,304,NW
2021-10-28,7.6,-4.1,44.6,0,N
2021-10-29,14.6,-2.9,38.0,5,N
2021-10-30,16.0,-5.2,27.3,6,N
2021-10-31,13.0,-4.1,19.5,254,WSW
2021-11-01,7.7,4.0,32.1,107,ESE
2021-11-02,8.5,3.1,71.6,203,SSW
2021-11-03,6.7,0.7,53.3,202,SSW
2021-11-04,6.4,-2.8,30.0,316,NW
2021-11-05,3.1,-8.4,34.4,303,WNW
2021-11-06,4.0,-7.5,35.3,238,WSW
2021-11-07,8.8,-0.1,55.3,275,W
2021-11-08,4.2,-2.2,26.5,317,NW
2021-11-09,2.2,-2.4,23.8,62,ENE
2021-11-10,4.8,-0.7,48.0,140,SE
2021-11-11,1.9,-1.5,73.7,293,WNW
2021-11-12,0.4,-4.4,70.4,330,NNW
2021-11-13,0.0,-8.1,45.9,341,NNW
2021-11-14,2.2,-0.4,51.6,38,NE
2021-11-15,1.9,-2.3,48.8,20,NNE
2021-11-16,6.1,0.1,52.6,82,E
2021-11-17,1.5,-3.2,99.8,319,NW
2021-11-18,0.0,-7.9,50.9,307,NW
2021-11-19,5.3,-5.7,43.4,321,NW
2021-11-20,3.8,-4.0,44.9,224,SW
2021-11-21,0.8,-9.9,49.9,309,NW
2021-11-22,2.2,-5.0,30.7,302,WNW
2021-11-23,2.9,0.7,44.7,127,SE
2021-11-24,6.7,1.5,46.5,73,ENE
2021-11-25,7.0,4.3,33.4,54,NE
2021-11-26,7.3,4.5,44.9,68,ENE
2021-11-27,7.0,3.3,35.5,57,ENE
2021-11-28,7.3,0.0,63.7,110,ESE
2021-11-29,1.9,-1.2,63.0,210,SSW
2021-11-30,8.6,-1.5,63.0,252,WSW
2021-12-01,4.8,-6.4,71.1,221,SW
2021-12-02,-0.4,-10.0,26.0,276,W
2021-12-03,6.7,-3.7,56.6,95,E
2021-12-04,7.1,-10.8,95.6,117,ESE
2021-12-05,-5.1,-12.8,41.8,244,WSW
2021-12-06,-8.4,-13.4,38.6,280,W
2021-12-07,6.8,-11.6,104.7,13,NNE
2021-12-08,-3.8,-12.3,88.0,250,WSW
2021-12-09,-10.1,-16.4,62.0,274,W
2021-12-10,-7.4,-12.5,78.9,334,NNW
2021-12-11,-5.0,-14.6,42.6,269,W
2021-12-12,3.8,-12.5,99.2,310,NW
2021-12-13,-0.7,-5.9,83.3,223,SW
2021-12-14,-5.3,-10.8,56.8,287,WNW
2021-12-15,-9.1,-13.6,84.1,329,NNW
2021-12-16,-8.7,-17.0,61.7,325,NW
2021-12-17,-2.0,-16.0,51.0,318,NW
2021-12-18,-1.2,-7.7,86.8,110,ESE
2021-12-19,-7.7,-12.8,98.3,334,NNW
2021-12-20,-10.8,-16.1,75.0,340,NNW
2021-12-21,-6.3,-20.6,71.0,291,WNW
2021-12-22,-4.6,-14.4,59.9,53,NE
2021-12-23,-0.4,-14.4,77.7,8,N
2021-12-24,-0.7,-8.7,35.6,63,ENE
2021-12-25,-1.7,-8.1,48.2,14,NNE
2021-12-26,2.4,-2.3,79.3,334,NNW
2021-12-27,1.9,-0.1,80.7,340,NNW
2021-12-28,0.2,-4.1,67.9,354,N
2021-12-29,0.5,-5.3,52.8,332,NNW
2021-12-30,-2.3,-10.4,47.7,338,NNW
2021-12-31,-3.5,-17.0,26.1,13,NNE
2022-01-01,-2.0,-8.4,18.6,299,WNW
2022-01-02,0.2,-4.1,59.6,127,SE
2022-01-03,-4.1,-18.5,80.6,355,N
2022-01-04,-17.7,-24.4,66.4,2,N
2022-01-05,-18.1,-24.7,60.6,317,NW
2022-01-06,-14.4,-19.9,77.3,322,NW
2022-01-07,-14.9,-22.8,79.2,330,NNW
2022-01-08,-9.9,-17.2,102.5,353,N
2022-01-09,-10.8,-19.9,87.4,338,NNW
2022-01-10,-1.0,-18.1,60.3,115,ESE
2022-01-11,-18.1,-26.2,49.9,260,W
2022-01-12,-12.4,-28.3,56.5,318,NW
2022-01-13,-5.3,-15.1,52.6,153,SSE
2022-01-14,-3.4,-15.4,30.2,352,N
2022-01-15,-2.2,-15.0,106.6,80,E
2022-01-16,-4.7,-15.0,135.1,355,N
2022-01-17,-5.4,-18.7,69.7,315,NW
2022-01-18,0.1,-6.3,59.0,120,ESE
2022-01-19,0.5,-16.6,46.9,135,SE
2022-01-20,-10.0,-22.5,46.1,314,NW
2022-01-21,-14.3,-23.1,47.9,342,NNW
2022-01-22,-11.6,-25.4,53.8,269,W
2022-01-23,-6.9,-14.8,51.2,244,WSW
2022-01-24,-4.9,-10.0,27.9,65,ENE
2022-01-25,-8.8,-18.1,44.2,349,N
2022-01-26,-2.6,-19.8,70.9,351,N
2022-01-27,-13.4,-26.5,57.7,326,NW
2022-01-28,-4.8,-21.5,73.0,262,W
2022-01-29,-5.4,-16.0,62.5,185,S
2022-01-30,3.0,-16.0,114.1,2,N
2022-01-31,-4.9,-9.8,107.7,203,SSW
2022-02-01,-9.5,-18.6,67.4,211,SSW
2022-02-02,-4.5,-22.4,66.7,336,NNW
2022-02-03,0.1,-4.9,72.5,208,SSW
2022-02-04,-0.4,-21.1,87.2,337,NNW
2022-02-05,-17.8,-22.5,76.0,349,N
2022-02-06,-18.3,-22.5,88.2,340,NNW
2022-02-07,-10.2,-25.2,57.3,287,WNW
2022-02-08,-4.4,-24.0,33.7,346,NNW
2022-02-09,-2.0,-11.1,77.3,39,NE
2022-02-10,-0.5,-5.0,84.2,339,NNW
2022-02-11,0.1,-5.7,50.4,202,SSW
2022-02-12,-0.3,-16.2,51.8,287,WNW
2022-02-13,-0.4,-20.0,68.8,196,SSW
2022-02-14,-18.4,-27.0,61.0,273,W
2022-02-15,-15.9,-23.8,56.2,350,N
2022-02-16,-18.6,-27.5,68.7,296,WNW
2022-02-17,-0.2,-19.6,55.5,265,W
2022-02-18,-1.2,-14.8,97.1,250,WSW
2022-02-19,-8.0,-17.2,91.7,350,N
2022-02-20,-7.3,-16.9,40.4,5,N
2022-02-21,-3.3,-21.1,60.6,331,NNW
2022-02-22,-11.5,-27.4,71.8,259,W
2022-02-23,-4.6,-21.8,81.0,234,SW
2022-02-24,-6.7,-15.8,113.6,343,NNW
2022-02-25,-15.9,-25.6,77.9,315,NW
2022-02-26,-14.2,-25.4,64.5,298,WNW
2022-02-27,-6.8,-20.0,39.2,261,W
2022-02-28,-6.3,-17.4,62.5,5,N
2022-03-01,-14.7,-22.6,71.3,344,NNW
2022-03-02,-3.2,-19.7,48.6,245,WSW
2022-03-03,-3.6,-13.1,53.4,68,ENE
2022-03-04,-12.0,-22.7,48.4,337,NNW
2022-03-05,-13.0,-23.4,52.6,284,WNW
2022-03-06,-11.3,-20.9,51.8,255,WSW
2022-03-07,-5.9,-21.1,24.9,296,WNW
2022-03-08,-4.3,-7.8,75.7,99,E
2022-03-09,-4.6,-10.9,101.2,334,NNW
2022-03-10,-3.9,-14.5,55.8,299,WNW
2022-03-11,-2.9,-12.6,55.1,249,WSW
2022-03-12,-9.3,-20.8,62.6,304,NW
2022-03-13,4.0,-9.9,100.5,74,ENE
2022-03-14,-9.9,-17.5,108.7,315,NW
2022-03-15,-4.4,-13.6,65.4,251,WSW
2022-03-16,-10.7,-21.7,50.1,302,WNW
2022-03-17,-1.4,-14.0,32.2,268,W
2022-03-18,0.7,-9.5,31.4,235,SW
2022-03-19,-1.6,-12.7,49.4,10,N
2022-03-20,-4.2,-15.1,43.3,259,W
2022-03-21,-1.3,-7.7,64.0,81,E
2022-03-22,1.0,-2.4,80.6,51,NE
2022-03-23,0.3,-3.9,84.7,20,NNE
2022-03-24,-1.3,-5.7,95.5,14,NNE
2022-03-25,3.2,-10.4,38.3,313,NW
2022-03-26,0.3,-5.5,60.5,50,NE
2022-03-27,1.2,-0.9,46.2,58,ENE
2022-03-28,3.9,-1.5,38.6,82,E
2022-03-29,2.4,-3.6,40.2,351,N
2022-03-30,3.5,-1.3,86.6,9,N
2022-03-31,4.3,-1.2,81.6,338,NNW
2022-04-01,7.5,-4.8,44.9,353,N
2022-04-02,0.4,-2.5,84.9,70,ENE
2022-04-03,3.1,-1.4,57.2,1,N
2022-04-04,4.9,-3.3,58.2,290,WNW
2022-04-05,-0.6,-3.9,82.1,61,ENE
2022-04-06,4.4,-1.4,76.8,334,NNW
2022-04-07,4.4,0.0,73.2,1,N
2022-04-08,4.4,-2.9,36.2,343,NNW
2022-04-09,-0.4,-3.8,46.4,82,E
2022-04-10,6.6,-2.3,46.6,82,E
2022-04-11,3.5,-1.2,81.5,9,N
2022-04-12,4.8,-0.6,107.4,346,NNW
2022-04-13,5.1,-1.4,50.5,334,NNW
2022-04-14,6.4,-4.1,50.5,322,NW
2022-04-15,4.0,-8.0,18.5,40,NE
2022-04-16,5.7,-1.9,34.8,53,NE
2022-04-17,5.8,-1.0,50.2,202,SSW
2022-04-18,2.1,-6.0,95.2,31,NNE
2022-04-19,0.8,-11.0,76.2,313,NW
2022-04-20,1.3,-5.0,46.3,94,E
2022-04-21,6.1,-0.4,64.0,207,SSW
2022-04-22,4.4,-2.6,30.3,198,SSW
2022-04-23,5.0,-1.0,38.5,99,E
2022-04-24,3.2,-2.1,78.9,44,NE
2022-04-25,6.5,0.6,57.1,10,N
2022-04-26,9.9,-2.4,14.9,79,E
2022-04-27,3.9,0.3,26.9,126,SE
2022-04-28,4.2,-1.0,42.5,64,ENE
2022-04-29,3.4,0.1,90.0,36,NE
2022-04-30,4.4,1.0,96.2,345,NNW
2022-05-01,3.0,0.5,96.9,354,N
2022-05-02,4.2,0.3,106.6,349,N
2022-05-03,9.0,0.9,73.6,348,NNW
2022-05-04,7.4,-0.9,36.3,355,N
2022-05-05,8.9,0.9,43.9,214,SW
2022-05-06,3.5,-1.3,54.5,240,WSW
2022-05-07,3.4,-4.2,80.6,318,NW
2022-05-08,8.5,-5.0,47.8,307,NW
2022-05-09,10.0,-5.2,44.3,343,NNW
2022-05-10,10.7,1.3,46.5,239,WSW
2022-05-11,8.8,0.5,77.0,281,W
2022-05-12,12.0,0.4,73.4,238,WSW
2022-05-13,11.0,-0.1,33.3,314,NW
2022-05-14,13.0,-2.3,35.5,51,NE
2022-05-15,7.4,-1.0,42.0,346,NNW
2022-05-16,3.7,-4.8,28.1,66,ENE
2022-05-17,3.2,-1.8,43.4,63,ENE
2022-05-18,6.5,0.3,40.3,41,NE
2022-05-19,8.3,1.7,23.4,1,N
2022-05-20,16.5,1.0,40.4,314,NW
2022-05-21,12.3,3.6,46.5,196,SSW
2022-05-22,15.2,4.3,51.7,206,SSW
2022-05-23,12.3,4.8,75.8,249,WSW
2022-05-24,12.0,1.0,42.7,6,N
2022-05-25,11.1,-1.2,50.2,279,W
2022-05-26,9.5,0.0,46.6,260,W
2022-05-27,10.8,-2.0,32.5,79,E
2022-05-28,11.4,-2.3,36.8,78,ENE
2022-05-29,10.3,1.0,68.8,80,E
2022-05-30,10.0,3.4,28.7,219,SW
2022-05-31,8.5,1.7,79.8,64,ENE
2022-06-01,5.2,1.6,91.4,344,NNW
2022-06-02,7.0,3.1,96.2,353,N
2022-06-03,9.5,1.8,57.7,351,N
2022-06-04,7.6,2.7,84.1,342,NNW
2022-06-05,14.1,2.8,76.2,321,NW
2022-06-06,13.2,1.6,33.3,311,NW
2022-06-07,16.4,-2.4,53.1,139,SE
2022-06-08,11.6,-3.0,28.5,177,S
2022-06-09,21.3,-0.9,29.2,57,ENE
2022-06-10,14.0,6.6,34.3,73,ENE
2022-06-11,11.2,7.9,53.0,85,E
2022-06-12,17.6,6.3,32.8,224,SW
2022-06-13,19.4,0.5,33.1,93,E
2022-06-14,18.4,8.4,30.2,213,SSW
2022-06-15,19.7,2.2,46.1,58,ENE
2022-06-16,22.7,4.8,42.8,60,ENE
2022-06-17,19.7,8.4,76.0,212,SSW
2022-06-18,15.4,8.7,39.4,221,SW
2022-06-19,13.4,4.5,36.0,186,S
2022-06-20,11.4,3.8,41.9,345,NNW
2022-06-21,8.7,3.6,39.0,352,N
2022-06-22,11.5,3.2,38.4,94,E
2022-06-23,18.9,8.0,59.1,225,SW
2022-06-24,20.5,8.0,42.8,233,SW
2022-06-25,19.2,11.8,42.6,144,SE
2022-06-26,22.1,7.1,39.4,282,WNW
2022-06-27,18.9,7.5,52.0,293,WNW
2022-06-28,16.3,12.3,59.1,221,SW
2022-06-29,19.0,8.2,47.2,198,SSW
2022-06-30,23.7,7.2,35.8,65,ENE
2022-07-01,21.8,8.5,29.4,72,ENE
2022-07-02,22.4,8.1,33.9,83,E
2022-07-03,18.9,13.3,50.3,176,S
2022-07-04,17.5,7.7,56.7,227,SW
2022-07-05,17.3,6.7,55.1,203,SSW
2022-07-06,19.7,6.7,46.5,247,WSW
2022-07-07,14.3,9.9,68.6,0,N
2022-07-08,19.7,3.6,46.7,344,NNW
2022-07-09,13.9,7.7,36.2,190,S
2022-07-10,15.3,8.6,26.9,190,S
2022-07-11,13.9,4.9,26.3,257,WSW
2022-07-12,13.2,8.0,35.5,216,SW
2022-07-13,18.1,10.4,66.6,86,E
2022-07-14,19.9,6.4,52.5,265,W
2022-07-15,20.7,8.8,36.3,239,WSW
2022-07-16,20.0,8.5,31.9,184,S
2022-07-17,18.0,8.9,33.3,55,NE
2022-07-18,23.2,12.4,41.5,183,S
2022-07-19,22.7,9.4,32.4,211,SSW
2022-07-20,13.6,10.6,61.5,66,ENE
2022-07-21,22.3,9.5,61.7,349,N
2022-07-22,19.6,7.7,45.1,293,WNW
2022-07-23,22.3,9.8,36.8,76,ENE
2022-07-24,23.5,13.2,36.7,252,WSW
2022-07-25,17.8,10.5,30.1,215,SW
2022-07-26,20.1,11.5,52.9,61,ENE
2022-07-27,22.8,12.1,56.0,217,SW
2022-07-28,14.9,6.4,53.5,66,ENE
2022-07-29,15.7,4.0,21.9,59,ENE
2022-07-30,18.8,11.4,46.6,93,E
2022-07-31,26.4,13.1,42.9,207,SSW
2022-08-01,21.1,15.3,36.5,268,W
2022-08-02,24.3,12.6,35.3,74,ENE
2022-08-03,23.3,11.9,33.8,201,SSW
2022-08-04,20.3,9.4,42.9,90,E
2022-08-05,24.2,14.3,31.1,206,SSW
2022-08-06,23.8,9.1,50.2,69,ENE
2022-08-07,19.3,15.5,60.5,232,SW
2022-08-08,18.0,8.8,68.6,241,WSW
2022-08-09,21.6,8.5,29.3,61,ENE
2022-08-10,21.6,7.0,32.2,103,ESE
2022-08-11,20.9,9.9,34.7,186,S
2022-08-12,21.7,13.9,29.5,191,S
2022-08-13,18.8,11.9,28.1,188,S
2022-08-14,15.2,11.2,26.3,52,NE
2022-08-15,20.0,12.4,37.9,60,ENE
2022-08-16,24.1,9.3,36.9,131,SE
2022-08-17,26.0,10.4,28.6,293,WNW
2022-08-18,21.4,8.9,24.8,83,E
2022-08-19,20.5,12.7,44.5,88,E
2022-08-20,17.6,11.3,37.5,74,ENE
2022-08-21,20.3,9.1,44.2,90,E
2022-08-22,21.4,16.9,63.4,226,SW
2022-08-23,18.3,16.9,56.4,203,SSW
2022-08-24,20.4,15.1,22.7,196,SSW
2022-08-25,20.8,12.8,37.0,205,SSW
2022-08-26,17.2,9.2,33.9,150,SSE
2022-08-27,15.6,10.3,18.7,47,NE
2022-08-28,20.5,6.5,71.3,208,SSW
2022-08-29,20.5,14.2,47.3,213,SSW
2022-08-30,16.3,10.3,30.5,230,SW
2022-08-31,22.5,10.4,48.6,72,ENE
2022-09-01,23.2,15.3,54.4,191,S
2022-09-02,20.7,12.8,37.9,213,SSW
2022-09-03,19.8,7.1,37.8,231,SW
2022-09-04,22.2,9.3,31.5,269,W
2022-09-05,13.9,7.9,52.6,226,SW
2022-09-06,13.1,1.9,21.6,29,NNE
2022-09-07,13.9,4.8,26.2,43,NE
2022-09-08,15.8,1.7,23.4,47,NE
2022-09-09,18.7,5.8,24.2,58,ENE
2022-09-10,15.8,9.2,35.2,38,NE
2022-09-11,16.7,4.2,40.4,66,ENE
2022-09-12,20.5,6.9,49.4,19,NNE
2022-09-13,18.0,6.8,44.0,346,NNW
2022-09-14,18.7,4.4,20.6,72,ENE
2022-09-15,15.7,8.5,37.3,61,ENE
2022-09-16,11.3,7.3,56.4,293,WNW
2022-09-17,10.7,6.0,72.9,340,NNW
2022-09-18,9.5,2.5,61.8,313,NW
2022-09-19,11.4,3.9,72.9,313,NW
2022-09-20,16.1,0.0,40.7,319,NW
2022-09-21,17.5,-0.1,33.1,169,S
2022-09-22,14.1,7.8,28.2,149,SSE
2022-09-23,17.3,11.8,44.3,134,SE
2022-09-24,14.8,7.4,86.6,199,SSW
2022-09-25,11.9,7.5,75.7,60,ENE
2022-09-26,14.9,7.0,53.1,217,SW
2022-09-27,16.0,11.0,40.6,54,NE
2022-09-28,16.4,10.0,42.7,67,ENE
2022-09-29,13.3,6.3,37.5,272,W
2022-09-30,13.0,2.6,65.4,,Unknown
2022-10-01,12.2,3.3,42.9,,Unknown
2022-10-02,10.1,-0.5,45.9,,Unknown
2022-10-03,10.1,-2.5,50.6,,Unknown
2022-10-04,13.2,2.0,56.6,,Unknown
2022-10-05,14.1,6.6,41.0,,Unknown
2022-10-06,15.8,7.6,38.4,,Unknown
2022-10-07,9.0,3.1,37.8,,Unknown
2022-10-08,7.5,2.0,38.6,,Unknown
2022-10-09,8.5,1.3,46.2,,Unknown
2022-10-10,8.5,0.6,32.2,,Unknown
2022-10-11,8.1,-0.2,70.1,,Unknown
2022-10-12,6.7,-1.4,60.7,,Unknown
2022-10-13,5.8,-2.3,30.9,,Unknown
2022-10-14,16.7,1.0,27.6,,Unknown
2022-10-15,16.6,3.7,13.6,,Unknown
2022-10-16,14.3,0.7,21.2,,Unknown
2022-10-17,8.5,6.2,53.1,,Unknown
2022-10-18,16.2,1.5,33.6,,Unknown
2022-10-19,12.8,2.5,31.9,,Unknown
2022-10-20,11.8,6.2,35.6,,Unknown
2022-10-21,11.0,5.0,58.8,,Unknown
2022-10-22,11.8,2.4,60.4,,Unknown
2022-10-23,15.1,5.3,54.0,,Unknown
2022-10-24,12.6,0.4,40.6,,Unknown
2022-10-25,7.9,0.5,27.8,,Unknown
2022-10-26,14.5,7.0,55.6,,Unknown
2022-10-27,12.5,7.1,33.1,,Unknown
2022-10-28,11.3,-0.7,68.3,,Unknown
2022-10-29,8.9,-0.9,68.6,,Unknown
2022-10-30,11.3,2.6,62.3,,Unknown
2022-10-31,11.0,0.2,69.7,,Unknown
2022-11-01,5.7,-4.0,37.7,,Unknown
2022-11-02,6.5,0.2,83.4,,Unknown
2022-11-03,1.0,-3.6,77.2,,Unknown
2022-11-04,3.9,-5.6,44.3,,Unknown
2022-11-05,11.6,0.4,61.5,,Unknown
2022-11-06,7.5,-0.2,46.7,,Unknown
2022-11-07,11.1,2.5,29.0,,Unknown
2022-11-08,8.7,0.0,82.0,,Unknown
2022-11-09,0.7,-5.1,87.3,,Unknown
2022-11-10,-0.8,-9.3,55.4,,Unknown
2022-11-11,-0.3,-8.3,51.4,,Unknown
2022-11-12,-5.6,-9.2,35.4,,Unknown
2022-11-13,-1.9,-9.9,44.2,,Unknown
2022-11-14,-2.6,-9.5,45.5,,Unknown
2022-11-15,-2.1,-8.0,64.6,,Unknown
2022-11-16,-0.9,-11.6,34.6,,Unknown
2022-11-17,-1.9,-5.1,53.9,,Unknown
2022-11-18,0.3,-3.2,63.3,,Unknown
2022-11-19,-0.5,-9.2,26.5,,Unknown
2022-11-20,-4.1,-13.8,34.4,,Unknown
2022-11-21,-1.7,-7.4,88.4,,Unknown
2022-11-22,-4.1,-14.2,66.5,,Unknown
2022-11-23,-7.2,-15.7,36.6,,Unknown
2022-11-24,-7.1,-19.2,104.5,,Unknown
2022-11-25,1.4,-7.3,93.9,,Unknown
2022-11-26,-0.5,-7.7,29.4,,Unknown
2022-11-27,1.0,-0.7,34.8,,Unknown
2022-11-28,0.1,-3.6,37.3,,Unknown
2022-11-29,-2.9,-11.5,76.2,353,N
2022-11-30,-3.9,-12.3,60.3,308,NW
2022-12-01,1.6,-11.4,50.9,260,W
2022-12-02,2.0,-5.4,68.7,138,SE
2022-12-03,-1.2,-12.0,29.4,263,W
2022-12-04,1.2,-2.7,42.9,148,SSE
2022-12-05,1.1,-4.0,42.2,145,SE
2022-12-06,0.9,-10.2,16.0,255,WSW
2022-12-07,-0.7,-6.4,27.8,68,ENE
2022-12-08,0.6,-1.5,34.9,114,ESE
2022-12-09,0.5,-0.6,32.4,119,ESE
2022-12-10,-0.3,-15.5,63.8,93,E
2022-12-11,-9.8,-15.5,58.2,340,NNW
2022-12-12,-9.2,-21.6,33.2,355,N
2022-12-13,1.5,-9.9,66.0,338,NNW
2022-12-14,2.4,0.7,74.1,49,NE
2022-12-15,0.7,-1.9,73.8,24,NNE
2022-12-16,-0.1,-3.3,51.0,19,NNE
2022-12-17,0.1,-3.1,37.9,9,N
2022-12-18,1.2,-1.4,56.7,26,NNE
2022-12-19,0.4,-0.6,64.3,60,ENE
2022-12-20,0.5,-5.7,68.9,41,NE
2022-12-21,-3.2,-9.2,41.1,345,NNW
2022-12-22,-5.7,-13.0,34.7,349,N
2022-12-23,-5.2,-12.7,33.4,333,NNW
2022-12-24,-0.8,-14.5,75.4,350,N
2022-12-25,0.0,-4.0,48.5,123,ESE
2022-12-26,-2.7,-10.5,51.3,206,SSW
2022-12-27,-7.6,-15.3,35.8,296,WNW
2022-12-28,-9.8,-19.5,54.3,249,WSW
2022-12-29,-10.3,-18.7,55.6,271,W
2022-12-30,-8.0,-15.0,59.6,342,NNW
2022-12-31,1.2,-10.7,38.6,281,W
2023-01-01,0.8,-5.8,36.0,299,WNW
2023-01-02,-1.3,-8.3,36.2,340,NNW
2023-01-03,-3.7,-10.9,32.4,333,NNW
2023-01-04,-0.8,-15.0,71.5,260,W
2023-01-05,-12.4,-18.3,79.6,319,NW
2023-01-06,-6.7,-20.4,59.3,304,NW
2023-01-07,-5.7,-21.7,26.0,340,NNW
2023-01-08,-8.6,-14.6,47.5,3,N
2023-01-09,-13.5,-19.2,64.0,328,NNW
2023-01-10,-11.9,-20.8,72.3,288,WNW
2023-01-11,-13.4,-21.9,41.8,1,N
2023-01-12,-6.6,-21.4,47.6,315,NW
2023-01-13,-6.7,-12.0,49.0,261,W
2023-01-14,-5.1,-14.8,74.0,87,E
2023-01-15,-5.1,-11.1,53.2,19,NNE
2023-01-16,-1.9,-15.3,55.8,342,NNW
2023-01-17,3.1,-1.9,47.4,55,NE
2023-01-18,3.3,-0.2,27.6,51,NE
2023-01-19,0.8,-3.3,107.3,183,S
2023-01-20,-3.3,-8.6,92.7,339,NNW
2023-01-21,-8.3,-16.2,49.4,337,NNW
2023-01-22,-0.8,-13.1,30.5,336,NNW
2023-01-23,-3.6,-10.1,50.2,278,W
2023-01-24,-0.2,-9.3,63.9,359,N
2023-01-25,-4.2,-17.9,63.7,321,NW
2023-01-26,-4.5,-23.0,59.1,297,WNW
2023-01-27,1.8,-12.2,92.8,98,E
2023-01-28,-9.6,-20.3,50.5,255,WSW
2023-01-29,-3.2,-18.2,68.2,68,ENE
2023-01-30,-12.3,-21.1,58.2,268,W
2023-01-31,-9.4,-17.4,46.9,340,NNW
2023-02-01,-17.3,-26.1,58.8,349,N
2023-02-02,-13.5,-30.8,29.7,277,W
2023-02-03,-2.2,-26.7,58.2,7,N
2023-02-04,-2.2,-21.0,80.5,136,SE
2023-02-05,-10.9,-20.1,96.1,338,NNW
2023-02-06,-13.0,-20.2,58.8,314,NW
2023-02-07,-10.2,-25.1,57.2,332,NNW
2023-02-08,-4.8,-20.1,27.4,355,N
2023-02-09,-6.1,-18.6,70.7,140,SE
2023-02-10,-3.5,-19.4,60.4,326,NW
2023-02-11,-12.0,-17.3,72.4,32,NNE
2023-02-12,-10.8,-22.8,73.3,327,NNW
2023-02-13,-10.5,-18.2,56.8,290,WNW
2023-02-14,-12.5,-22.5,46.7,346,NNW
2023-02-15,-4.6,-20.7,54.3,349,N
2023-02-16,-0.5,-4.9,46.6,253,WSW
2023-02-17,-0.6,-15.6,71.2,180,S
2023-02-18,-11.0,-23.9,71.1,292,WNW
2023-02-19,-8.1,-18.2,39.7,255,WSW
2023-02-20,-1.9,-22.7,39.8,294,WNW
2023-02-21,0.4,-8.9,39.0,145,SE
2023-02-22,-7.0,-17.2,44.0,354,N
2023-02-23,-7.2,-25.3,90.9,330,NNW
2023-02-24,-21.6,-30.2,78.6,301,WNW
2023-02-25,-18.7,-28.4,65.1,289,WNW
2023-02-26,-14.7,-27.5,50.1,325,NW
2023-02-27,-13.0,-23.3,62.8,316,NW
2023-02-28,-9.2,-22.8,40.4,330,NNW
2023-03-01,-6.7,-24.2,52.0,7,N
2023-03-02,-4.5,-14.7,95.5,335,NNW
2023-03-03,-2.1,-11.9,79.3,291,WNW
2023-03-04,-5.4,-17.7,59.3,323,NW
2023-03-05,3.2,-9.1,85.6,329,NNW
2023-03-06,2.8,-5.6,45.3,93,E
2023-03-07,2.5,-2.3,60.9,23,NNE
2023-03-08,3.0,-0.5,77.8,31,NNE
2023-03-09,2.1,-2.7,67.8,18,NNE
2023-03-10,3.1,-3.1,82.7,351,N
2023-03-11,6.6,-0.9,86.9,348,NNW
2023-03-12,2.8,-6.1,68.4,351,N
2023-03-13,2.7,-4.8,35.4,355,N
2023-03-14,1.1,-11.1,35.1,273,W
2023-03-15,-0.9,-10.1,38.9,67,ENE
2023-03-16,1.4,-3.4,51.1,43,NE
2023-03-17,3.5,-0.5,71.5,53,NE
2023-03-18,7.3,-1.7,65.0,352,N
2023-03-19,-0.3,-4.6,59.4,52,NE
2023-03-20,-0.5,-5.4,90.5,261,W
2023-03-21,2.2,-3.4,83.0,317,NW
2023-03-22,0.5,-8.1,39.7,342,NNW
2023-03-23,0.3,-8.3,54.0,294,WNW
2023-03-24,1.5,-7.7,47.9,1,N
2023-03-25,4.2,-2.5,47.5,52,NE
2023-03-26,3.6,-4.8,53.1,1,N
2023-03-27,4.2,-4.0,57.6,3,N
2023-03-28,5.6,-1.0,46.9,3,N
2023-03-29,6.1,-3.1,34.6,359,N
2023-03-30,3.5,-2.9,14.4,97,E
2023-03-31,5.1,-5.0,16.3,119,ESE
2023-04-01,2.5,-8.1,46.1,0,N
2023-04-02,-0.9,-5.3,59.6,196,SSW
2023-04-03,2.5,-3.3,62.7,124,SE
2023-04-04,2.7,-8.2,37.1,305,NW
2023-04-05,-1.3,-10.4,82.3,238,WSW
2023-04-06,2.7,-10.9,55.4,311,NW
2023-04-07,4.0,-5.3,48.3,228,SW
2023-04-08,-0.7,-9.3,69.6,316,NW
2023-04-09,-3.0,-15.4,43.7,333,NNW
2023-04-10,1.8,-16.8,43.5,252,WSW
2023-04-11,5.8,-2.3,46.1,212,SSW
2023-04-12,11.3,-0.9,31.2,209,SSW
2023-04-13,6.4,0.2,41.3,46,NE
2023-04-14,5.1,-1.4,71.8,229,SW
2023-04-15,8.5,-0.2,107.2,319,NW
2023-04-16,7.4,-2.3,44.5,335,NNW
2023-04-17,5.4,-5.4,21.5,80,E
2023-04-18,4.1,-5.5,37.3,55,NE
2023-04-19,0.3,-2.1,35.2,77,ENE
2023-04-20,1.5,-0.9,50.4,103,ESE
2023-04-21,6.0,-0.3,61.1,57,ENE
2023-04-22,7.3,1.4,72.7,354,N
2023-04-23,6.3,1.0,49.7,355,N
2023-04-24,9.1,1.2,35.3,30,NNE
2023-04-25,7.4,-4.0,39.0,145,SE
2023-04-26,6.3,-0.1,22.9,24,NNE
2023-04-27,5.6,-2.7,20.4,74,ENE
2023-04-28,7.1,-0.8,46.3,61,ENE
2023-04-29,9.1,-1.4,44.0,359,N
2023-04-30,8.2,-3.5,27.9,39,NE
2023-05-01,7.9,-4.6,35.6,41,NE
2023-05-02,7.8,-4.5,46.5,44,NE
2023-05-03,6.9,1.6,60.7,359,N
2023-05-04,5.9,1.5,54.5,21,NNE
2023-05-05,13.2,-1.4,58.0,4,N
2023-05-06,8.0,-0.1,66.8,346,NNW
2023-05-07,8.9,-1.5,28.3,185,S
2023-05-08,1.1,-1.7,42.7,59,ENE
2023-05-09,3.3,-0.8,117.4,29,NNE
2023-05-10,4.3,-1.3,101.3,343,NNW
2023-05-11,9.5,-0.8,39.9,321,NW
2023-05-12,12.0,-3.6,38.1,267,W
2023-05-13,16.9,-0.4,32.1,249,WSW
2023-05-14,7.7,0.7,45.6,86,E
2023-05-15,5.4,0.3,56.3,293,WNW
2023-05-16,3.5,-0.3,30.4,226,SW
2023-05-17,5.1,-1.5,29.0,57,ENE
2023-05-18,8.2,-0.5,51.2,9,N
2023-05-19,10.7,1.6,70.1,251,WSW
2023-05-20,10.5,2.8,51.2,241,WSW
2023-05-21,10.2,3.3,64.1,256,WSW
2023-05-22,10.8,1.0,67.4,185,S
2023-05-23,12.7,-1.7,42.9,270,W
2023-05-24,13.2,-1.7,62.9,192,SSW
2023-05-25,8.0,0.6,44.4,236,SW
2023-05-26,4.6,0.3,52.2,58,ENE
2023-05-27,5.8,1.9,70.9,5,N
2023-05-28,5.3,-0.3,68.3,313,NW
2023-05-29,2.6,0.7,82.0,5,N
2023-05-30,9.9,-2.6,34.7,305,NW
2023-05-31,17.2,2.8,27.3,163,SSE
2023-06-01,18.6,4.7,38.8,64,ENE
2023-06-02,6.3,1.3,73.1,353,N
2023-06-03,8.5,0.1,57.9,17,NNE
2023-06-04,9.3,-5.1,26.3,87,E
2023-06-05,16.1,-2.2,26.4,54,NE
2023-06-06,8.1,3.1,48.9,94,E
2023-06-07,8.3,4.6,60.8,28,NNE
2023-06-08,9.2,4.6,64.0,11,N
2023-06-09,9.2,2.9,55.7,355,N
2023-06-10,11.6,5.0,56.7,21,NNE
2023-06-11,14.6,4.9,69.2,0,N
2023-06-12,18.6,6.1,80.6,340,NNW
2023-06-13,16.5,3.2,45.5,334,NNW
2023-06-14,20.3,-0.7,28.1,113,ESE
2023-06-15,17.4,7.8,29.0,191,S
2023-06-16,10.1,2.1,42.1,39,NE
2023-06-17,11.0,4.6,39.5,39,NE
2023-06-18,8.3,4.7,53.7,10,N
2023-06-19,12.6,4.0,46.1,1,N
2023-06-20,14.9,1.8,38.6,355,N
2023-06-21,21.4,3.9,51.6,9,N
2023-06-22,21.3,7.0,36.1,269,W
2023-06-23,12.4,5.1,17.6,84,E
2023-06-24,19.3,6.5,45.7,130,SE
2023-06-25,13.1,6.4,60.7,83,E
2023-06-26,19.3,0.3,35.4,2,N
2023-06-27,23.1,6.9,36.2,265,W
2023-06-28,19.2,12.7,56.2,228,SW
2023-06-29,17.2,11.7,64.9,239,WSW
2023-06-30,15.4,9.2,42.9,199,SSW
2023-07-01,19.6,9.2,31.8,140,SE
2023-07-02,19.9,11.8,46.6,275,W
2023-07-03,19.6,11.4,38.4,196,SSW
2023-07-04,17.3,12.9,43.8,234,SW
2023-07-05,17.7,10.9,43.1,2,N
2023-07-06,15.4,9.6,38.9,12,NNE
2023-07-07,21.1,8.6,28.0,76,ENE
2023-07-08,25.9,11.5,33.6,69,ENE
2023-07-09,20.7,11.9,27.7,202,SSW
2023-07-10,20.4,9.9,29.4,63,ENE
2023-07-11,23.6,11.5,25.3,88,E
2023-07-12,25.3,11.6,26.4,54,NE
2023-07-13,21.0,17.0,32.1,242,WSW
2023-07-14,26.9,16.0,33.6,240,WSW
2023-07-15,24.6,16.5,40.0,144,SE
2023-07-16,25.7,16.4,43.9,264,W
2023-07-17,20.6,16.1,51.4,259,W
2023-07-18,24.5,15.5,47.6,201,SSW
2023-07-19,25.0,15.8,37.3,249,WSW
2023-07-20,25.3,15.4,41.9,201,SSW
2023-07-21,25.2,11.7,39.7,229,SW
2023-07-22,26.5,12.0,27.1,261,W
2023-07-23,21.7,16.5,35.4,98,E
2023-07-24,26.4,17.2,51.6,171,S
2023-07-25,18.3,12.6,31.0,298,WNW
2023-07-26,22.5,12.6,37.5,58,ENE
2023-07-27,23.0,14.2,49.7,266,W
2023-07-28,21.7,11.6,45.6,172,S
2023-07-29,17.2,10.8,30.6,254,WSW
2023-07-30,14.5,9.4,32.5,153,SSE
2023-07-31,14.9,9.6,31.4,38,NE
2023-08-01,14.8,8.4,36.5,56,NE
2023-08-02,20.0,11.3,50.5,87,E
2023-08-03,22.3,9.7,43.3,234,SW
2023-08-04,24.2,11.8,32.7,77,ENE
2023-08-05,25.2,9.4,30.8,337,NNW
2023-08-06,19.1,10.9,29.6,100,E
2023-08-07,21.3,12.0,43.7,73,ENE
2023-08-08,14.3,9.0,26.2,27,NNE
2023-08-09,14.1,9.6,28.2,61,ENE
2023-08-10,12.3,10.6,44.2,107,ESE
2023-08-11,17.4,10.8,40.9,54,NE
2023-08-12,16.9,11.4,42.8,12,NNE
2023-08-13,22.2,12.2,49.1,332,NNW
2023-08-14,16.5,11.3,26.5,18,NNE
2023-08-15,14.5,9.6,38.0,74,ENE
2023-08-16,15.2,8.9,30.3,355,N
2023-08-17,20.6,6.6,39.7,108,ESE
2023-08-18,22.8,14.2,32.3,230,SW
2023-08-19,16.6,10.9,33.4,294,WNW
2023-08-20,23.6,14.3,33.3,94,E
2023-08-21,17.8,14.1,41.7,295,WNW
2023-08-22,18.5,9.2,39.2,224,SW
2023-08-23,18.8,6.7,27.6,33,NNE
2023-08-24,13.7,7.8,35.0,47,NE
2023-08-25,19.4,10.2,44.6,58,ENE
2023-08-26,20.3,10.8,40.0,232,SW
2023-08-27,14.9,12.1,26.5,143,SE
2023-08-28,20.3,12.3,28.4,145,SE
2023-08-29,21.4,10.1,46.5,67,ENE
2023-08-30,18.8,13.9,39.5,201,SSW
2023-08-31,14.7,5.7,91.4,85,E
2023-09-01,17.1,1.4,73.5,316,NW
2023-09-02,20.0,6.2,52.0,242,WSW
2023-09-03,16.4,13.3,42.0,250,WSW
2023-09-04,21.5,12.7,44.4,224,SW
2023-09-05,26.5,13.9,29.3,272,W
2023-09-06,24.2,8.6,23.9,46,NE
2023-09-07,18.1,8.3,34.1,272,W
2023-09-08,10.2,7.0,42.1,23,NNE
2023-09-09,7.5,5.9,38.5,39,NE
2023-09-10,13.3,7.6,34.2,63,ENE
2023-09-11,14.9,7.1,18.0,138,SE
2023-09-12,15.4,3.1,21.5,0,N
2023-09-13,18.1,8.3,20.4,121,ESE
2023-09-14,20.7,11.1,23.9,104,ESE
2023-09-15,19.7,9.7,46.1,129,SE
2023-09-16,11.7,7.1,34.5,84,E
2023-09-17,17.3,8.4,38.8,75,ENE
2023-09-18,13.6,7.3,98.1,56,NE
2023-09-19,9.0,5.2,32.0,47,NE
2023-09-20,8.9,5.9,64.0,77,ENE
2023-09-21,7.8,3.8,76.5,354,N
2023-09-22,13.8,-1.0,55.8,336,NNW
2023-09-23,16.6,0.7,50.2,8,N
2023-09-24,12.5,4.5,34.7,320,NW
2023-09-25,12.2,-0.2,52.2,49,NE
2023-09-26,13.5,6.4,64.6,295,WNW
2023-09-27,21.8,2.5,36.4,353,N
2023-09-28,16.2,3.9,,,Unknown
2023-09-29,17.9,5.4,,,Unknown
2023-09-30,18.3,1.9,,,Unknown
2023-10-01,15.6,4.6,,,Unknown
2023-10-02,15.7,2.9,,,Unknown
2023-10-03,11.2,2.9,,,Unknown
2023-10-04,11.2,2.5,,,Unknown
2023-10-05,9.1,0.5,,,Unknown
2023-10-06,16.3,9.1,,,Unknown
2023-10-07,20.8,10.8,,,Unknown
2023-10-08,18.2,8.5,,,Unknown
2023-10-09,8.7,4.0,,,Unknown
2023-10-10,8.6,6.0,,,Unknown
2023-10-11,12.4,6.7,,,Unknown
2023-10-12,13.6,5.7,,,Unknown
2023-10-13,8.5,5.7,,,Unknown
2023-10-14,10.8,6.3,,,Unknown
2023-10-15,11.3,8.0,,,Unknown
2023-10-16,8.3,2.8,,,Unknown
2023-10-17,6.7,-1.4,,,Unknown
2023-10-18,10.3,-1.7,,,Unknown
2023-10-19,11.6,-1.1,,,Unknown
2023-10-20,14.4,5.7,,,Unknown
2023-10-21,10.3,7.3,,,Unknown
2023-10-22,9.6,3.2,,,Unknown
2023-10-23,6.2,0.1,,,Unknown
2023-10-24,5.8,-4.1,,,Unknown
2023-10-25,8.9,0.6,,,Unknown
2023-10-26,8.8,2.6,,,Unknown
2023-10-27,6.0,-2.9,,,Unknown
2023-10-28,7.5,-0.1,,,Unknown
2023-10-29,7.2,0.4,,,Unknown
2023-10-30,4.1,-3.8,,,Unknown
2023-10-31,2.5,-7.5,,,Unknown
2023-11-01,2.8,-8.0,,,Unknown
2023-11-02,2.5,-7.7,,,Unknown
2023-11-03,4.2,-7.3,,,Unknown
2023-11-04,4.8,-0.2,,,Unknown
2023-11-05,0.2,-6.3,,,Unknown
2023-11-06,0.1,-10.8,,,Unknown
2023-11-07,0.1,-7.0,,,Unknown
2023-11-08,0.1,-6.3,,,Unknown
2023-11-09,1.5,-1.1,,,Unknown
2023-11-10,1.0,-1.0,,,Unknown
2023-11-11,0.8,-2.4,,,Unknown
2023-11-12,-0.8,-8.3,,,Unknown
2023-11-13,1.0,-6.8,,,Unknown
2023-11-14,1.6,-8.5,,,Unknown
2023-11-15,1.2,-14.4,,,Unknown
2023-11-16,0.3,-6.5,,,Unknown
2023-11-17,2.7,-5.2,,,Unknown
2023-11-18,4.7,-0.5,,,Unknown
2023-11-19,7.6,-0.8,,,Unknown
2023-11-20,-0.5,-8.8,,,Unknown
2023-11-21,-0.7,-12.1,,,Unknown
2023-11-22,-4.1,-11.0,,,Unknown
2023-11-23,0.7,-8.5,,,Unknown
2023-11-24,1.6,-3.1,,,Unknown
2023-11-25,-3.1,-14.0,,,Unknown
2023-11-26,-0.9,-12.2,,,Unknown
2023-11-27,0.5,-10.3,,,Unknown
2023-11-28,3.4,-1.2,,,Unknown
2023-11-29,2.9,-2.9,,,Unknown
2023-11-30,-2.9,-11.5,,,Unknown
2023-12-01,-0.1,-9.9,,,Unknown
2023-12-02,-0.1,-4.2,,,Unknown
2023-12-03,-2.4,-5.6,,,Unknown
2023-12-04,-3.5,-7.0,,,Unknown
2023-12-05,-5.6,-9.7,,,Unknown
2023-12-06,-3.2,-15.9,,,Unknown
2023-12-07,-4.2,-7.9,,,Unknown
2023-12-08,2.4,-4.5,,,Unknown
2023-12-09,2.2,-2.3,,,Unknown
2023-12-10,0.3,-12.8,,,Unknown
2023-12-11,8.0,-1.6,,,Unknown
2023-12-12,9.2,-2.6,,,Unknown
2023-12-13,-1.3,-5.8,,,Unknown
2023-12-14,-4.2,-11.8,,,Unknown
2023-12-15,-2.2,-14.0,,,Unknown
2023-12-16,-2.1,-10.9,,,Unknown
2023-12-17,-0.1,-13.5,,,Unknown
2023-12-18,6.2,-0.2,,,Unknown
2023-12-19,9.6,3.9,,,Unknown
2023-12-20,9.1,0.8,,,Unknown
2023-12-21,1.3,-8.7,,,Unknown
2023-12-22,-3.4,-8.4,,,Unknown
2023-12-23,-3.6,-12.4,,,Unknown
2023-12-24,-0.8,-9.7,,,Unknown
2023-12-25,-1.4,-10.9,,,Unknown
2023-12-26,1.8,-7.6,,,Unknown
2023-12-27,-5.2,-9.5,,,Unknown
2023-12-28,-5.8,-11.2,,,Unknown
2023-12-29,-2.6,-15.9,,,Unknown
2023-12-30,0.3,-5.9,,,Unknown
2023-12-31,-0.6,-3.5,,,Unknown
2024-01-01,-3.5,-15.0,,,Unknown
2024-01-02,-4.2,-17.0,,,Unknown
2024-01-03,-1.0,-10.1,,,Unknown
2024-01-04,-5.7,-12.4,,,Unknown
2024-01-05,-6.7,-10.9,,,Unknown
2024-01-06,-9.8,-19.6,,,Unknown
2024-01-07,-8.7,-18.7,,,Unknown
2024-01-08,-3.6,-9.8,,,Unknown
2024-01-09,-6.2,-14.8,,,Unknown
2024-01-10,-5.9,-21.5,,,Unknown
2024-01-11,-0.7,-8.3,,,Unknown
2024-01-12,0.0,-4.5,,,Unknown
2024-01-13,-4.4,-7.7,,,Unknown
2024-01-14,-1.4,-7.7,,,Unknown
2024-01-15,-0.9,-6.3,,,Unknown
2024-01-16,-2.2,-12.7,,,Unknown
2024-01-17,-1.1,-16.1,,,Unknown
2024-01-18,-2.0,-12.8,,,Unknown
2024-01-19,-5.6,-13.5,,,Unknown
2024-01-20,0.3,-7.4,,,Unknown
2024-01-21,-1.8,-8.1,,,Unknown
2024-01-22,-5.0,-18.5,,,Unknown
2024-01-23,-8.4,-24.1,,,Unknown
2024-01-24,-15.2,-26.4,,,Unknown
2024-01-25,-5.3,-17.4,,,Unknown
2024-01-26,-9.8,-21.1,,,Unknown
2024-01-27,-8.4,-16.2,,,Unknown
2024-01-28,-1.4,-13.4,,,Unknown
2024-01-29,-13.5,-25.4,,,Unknown
2024-01-30,-12.2,-27.9,,,Unknown
2024-01-31,-4.6,-16.6,,,Unknown
2024-02-01,-5.0,-20.7,,,Unknown
2024-02-02,-7.8,-23.4,,,Unknown
2024-02-03,-10.7,-20.7,,,Unknown
2024-02-04,-7.6,-18.3,,,Unknown
2024-02-05,-2.4,-8.0,,,Unknown
2024-02-06,-2.9,-5.9,,,Unknown
2024-02-07,2.3,-12.4,,,Unknown
2024-02-08,-2.3,-12.2,,,Unknown
2024-02-09,-1.4,-6.5,,,Unknown
2024-02-10,-1.4,-8.7,,,Unknown
2024-02-11,0.1,-4.5,,,Unknown
2024-02-12,2.5,-2.2,,,Unknown
2024-02-13,-1.1,-6.3,,,Unknown
2024-02-14,-1.5,-7.6,,,Unknown
2024-02-15,-0.8,-3.2,,,Unknown
2024-02-16,-3.1,-6.7,,,Unknown
2024-02-17,-4.1,-7.1,,,Unknown
2024-02-18,-6.6,-11.5,,,Unknown
2024-02-19,-8.5,-15.4,,,Unknown
2024-02-20,-11.5,-18.2,,,Unknown
2024-02-21,-11.0,-19.1,,,Unknown
2024-02-22,-1.8,-12.0,,,Unknown
2024-02-23,-1.0,-7.2,,,Unknown
2024-02-24,2.4,-4.5,,,Unknown
2024-02-25,2.9,-12.3,,,Unknown
2024-02-26,-2.7,-15.3,,,Unknown
2024-02-27,0.0,-6.9,,,Unknown
2024-02-28,4.0,-4.8,,,Unknown
2024-02-29,6.4,-2.1,,,Unknown
2024-03-01,-2.1,-17.5,,,Unknown
2024-03-02,-7.4,-16.5,,,Unknown
2024-03-03,4.0,-8.4,,,Unknown
2024-03-04,-3.0,-15.3,,,Unknown
2024-03-05,-2.1,-10.5,,,Unknown
2024-03-06,5.8,-3.1,,,Unknown
2024-03-07,-3.1,-11.8,,,Unknown
2024-03-08,-2.2,-13.8,,,Unknown
2024-03-09,-1.3,-14.0,,,Unknown
2024-03-10,3.0,-11.0,,,Unknown
2024-03-11,-1.6,-4.7,,,Unknown
2024-03-12,1.9,-3.4,,,Unknown
2024-03-13,3.7,0.2,,,Unknown
2024-03-14,2.8,-2.8,,,Unknown
2024-03-15,1.7,-3.8,,,Unknown
2024-03-16,3.6,-3.4,,,Unknown
2024-03-17,2.0,-6.4,,,Unknown
2024-03-18,-0.2,-3.2,,,Unknown
2024-03-19,5.2,-4.5,,,Unknown
2024-03-20,2.2,-2.8,,,Unknown
2024-03-21,0.3,-4.3,,,Unknown
2024-03-22,-0.5,-3.6,,,Unknown
2024-03-23,1.4,-6.3,,,Unknown
2024-03-24,0.3,-6.8,,,Unknown
2024-03-25,-2.8,-12.7,,,Unknown
2024-03-26,2.8,-10.0,,,Unknown
2024-03-27,0.0,-9.0,,,Unknown
2024-03-28,6.3,-2.5,,,Unknown
2024-03-29,3.9,-0.4,,,Unknown
2024-03-30,1.6,-0.2,,,Unknown
2024-03-31,6.0,-0.2,,,Unknown
2024-04-01,2.8,0.4,,,Unknown
2024-04-02,4.4,-0.3,,,Unknown
2024-04-03,4.4,-1.9,,,Unknown
2024-04-04,5.9,-2.9,,,Unknown
2024-04-05,4.0,-5.4,,,Unknown
2024-04-06,3.3,-2.0,,,Unknown
2024-04-07,6.5,-6.5,,,Unknown
2024-04-08,4.5,-7.2,,,Unknown
2024-04-09,3.0,-4.8,,,Unknown
2024-04-10,4.6,-7.6,,,Unknown
2024-04-11,6.7,-5.2,,,Unknown
2024-04-12,4.2,-1.8,,,Unknown
2024-04-13,11.0,2.4,,,Unknown
2024-04-14,10.0,2.2,,,Unknown
2024-04-15,7.6,0.4,,,Unknown
2024-04-16,11.2,-1.4,,,Unknown
2024-04-17,10.4,-0.6,,,Unknown
2024-04-18,4.5,-3.8,,,Unknown
2024-04-19,7.7,-5.0,,,Unknown
2024-04-20,8.5,-6.1,,,Unknown
2024-04-21,5.9,-0.5,,,Unknown
2024-04-22,6.9,-2.3,,,Unknown
2024-04-23,1.8,-9.3,,,Unknown
2024-04-24,7.9,-1.3,,,Unknown
2024-04-25,3.5,-1.7,,,Unknown
2024-04-26,1.6,-4.2,,,Unknown
2024-04-27,7.4,-6.4,,,Unknown
2024-04-28,14.7,-2.1,,,Unknown
2024-04-29,6.0,-2.6,,,Unknown
2024-04-30,9.5,1.1,,,Unknown
2024-05-01,7.1,3.0,,,Unknown
2024-05-02,3.7,1.4,,,Unknown
2024-05-03,6.6,0.3,,,Unknown
2024-05-04,5.6,-1.6,,,Unknown
2024-05-05,10.9,-2.7,,,Unknown
2024-05-06,4.4,-0.4,,,Unknown
2024-05-07,12.8,0.9,,,Unknown
2024-05-08,6.9,1.9,,,Unknown
2024-05-09,7.3,0.5,,,Unknown
2024-05-10,5.5,-0.5,,,Unknown
2024-05-11,7.5,-2.5,,,Unknown
2024-05-12,2.7,-2.3,,,Unknown
2024-05-13,14.6,1.1,,,Unknown
2024-05-14,11.8,-0.2,,,Unknown
2024-05-15,7.3,-1.8,,,Unknown
2024-05-16,13.8,2.4,,,Unknown
2024-05-17,9.2,-0.5,,,Unknown
2024-05-18,8.0,1.9,,,Unknown
2024-05-19,7.6,0.0,,,Unknown
2024-05-20,12.7,1.8,,,Unknown
2024-05-21,10.5,3.2,,,Unknown
2024-05-22,7.8,2.3,,,Unknown
2024-05-23,7.2,0.3,,,Unknown
2024-05-24,2.9,0.0,,,Unknown
2024-05-25,4.4,1.3,,,Unknown
2024-05-26,6.2,1.0,,,Unknown
2024-05-27,14.3,0.8,,,Unknown
2024-05-28,16.0,1.2,,,Unknown
2024-05-29,14.0,6.7,,,Unknown
2024-05-30,13.6,4.3,,,Unknown
2024-05-31,7.3,2.0,,,Unknown
2024-06-01,9.5,2.5,,,Unknown
2024-06-02,11.2,2.6,,,Unknown
2024-06-03,13.4,6.6,,,Unknown
2024-06-04,16.8,8.0,,,Unknown
2024-06-05,14.3,7.0,,,Unknown
2024-06-06,13.1,5.5,,,Unknown
2024-06-07,13.6,5.4,,,Unknown
2024-06-08,14.6,5.3,,,Unknown
2024-06-09,17.9,4.1,,,Unknown
2024-06-10,15.9,8.5,,,Unknown
2024-06-11,10.0,5.5,,,Unknown
2024-06-12,17.4,4.7,,,Unknown
2024-06-13,16.2,6.2,,,Unknown
2024-06-14,20.3,7.4,,,Unknown
2024-06-15,22.3,9.5,,,Unknown
2024-06-16,15.0,9.5,,,Unknown
2024-06-17,17.3,5.4,,,Unknown
2024-06-18,21.2,9.1,,,Unknown
2024-06-19,24.3,5.0,,,Unknown
2024-06-20,29.8,11.1,,,Unknown
2024-06-21,21.0,6.7,,,Unknown
2024-06-22,19.4,4.5,,,Unknown
2024-06-23,21.6,7.3,,,Unknown
2024-06-24,19.3,10.8,,,Unknown
2024-06-25,16.0,9.8,,,Unknown
2024-06-26,21.0,7.1,,,Unknown
2024-06-27,16.4,5.0,,,Unknown
2024-06-28,9.5,4.3,,,Unknown
2024-06-29,16.8,3.5,,,Unknown
2024-06-30,12.5,9.7,,,Unknown
2024-07-01,22.4,10.4,,,Unknown
2024-07-02,24.7,7.9,,,Unknown
2024-07-03,25.4,8.6,,,Unknown
2024-07-04,21.6,12.9,,,Unknown
2024-07-05,17.0,11.6,,,Unknown
2024-07-06,18.3,11.4,,,Unknown
2024-07-07,23.0,11.0,,,Unknown
2024-07-08,23.7,11.0,,,Unknown
2024-07-09,24.9,12.3,,,Unknown
2024-07-10,22.5,13.9,,,Unknown
2024-07-11,16.4,9.2,,,Unknown
2024-07-12,23.3,5.2,,,Unknown
2024-07-13,21.9,12.4,,,Unknown
2024-07-14,16.5,9.0,,,Unknown
2024-07-15,14.8,8.5,,,Unknown
2024-07-16,17.4,9.3,,,Unknown
2024-07-17,15.9,11.0,,,Unknown
2024-07-18,15.7,10.3,,,Unknown
2024-07-19,21.3,15.3,,,Unknown
2024-07-20,24.2,10.9,,,Unknown
2024-07-21,20.9,14.6,,,Unknown
2024-07-22,19.9,9.4,,,Unknown
2024-07-23,22.5,9.6,,,Unknown
2024-07-24,23.8,7.1,37.6,,Unknown
2024-07-25,23.4,9.3,47.2,195,SSW
2024-07-26,16.8,10.5,57.9,234,SW
2024-07-27,20.4,4.2,50.6,342,NNW
2024-07-28,23.8,12.7,41.0,259,W
2024-07-29,24.4,12.3,69.9,239,WSW
2024-07-30,21.3,11.2,44.2,275,W
2024-07-31,21.3,12.3,34.5,115,ESE
2024-08-01,18.7,11.9,24.3,250,WSW
2024-08-02,17.3,9.9,60.2,226,SW
2024-08-03,17.8,9.2,20.2,110,ESE
2024-08-04,20.9,14.6,24.1,103,ESE
2024-08-05,24.5,14.3,35.1,252,WSW
2024-08-06,20.0,11.2,57.2,58,ENE
2024-08-07,20.0,9.1,55.1,295,WNW
2024-08-08,17.6,9.7,35.3,303,WNW
2024-08-09,22.0,7.3,49.3,282,WNW
2024-08-10,17.5,11.8,38.7,300,WNW
2024-08-11,21.2,7.9,40.6,344,NNW
2024-08-12,21.6,9.5,41.1,216,SW
2024-08-13,12.7,5.3,38.8,67,ENE
2024-08-14,19.6,3.8,40.4,44,NE
2024-08-15,20.3,11.8,43.3,269,W
2024-08-16,18.1,13.9,36.7,271,W
2024-08-17,16.7,14.0,40.2,225,SW
2024-08-18,16.0,9.6,33.6,269,W
2024-08-19,20.8,12.5,64.6,185,S
2024-08-20,17.7,8.6,54.8,271,W
2024-08-21,19.2,7.2,35.5,58,ENE
2024-08-22,19.8,7.1,22.7,75,ENE
2024-08-23,23.4,6.3,25.3,51,NE
2024-08-24,22.1,12.9,29.2,105,ESE
2024-08-25,24.3,13.1,27.5,270,W
2024-08-26,27.3,13.5,33.3,95,E
2024-08-27,22.3,14.1,50.7,257,WSW
2024-08-28,18.7,14.5,58.5,246,WSW
2024-08-29,15.8,7.8,60.9,338,NNW
2024-08-30,24.6,7.2,55.8,302,WNW
2024-08-31,18.7,8.8,79.3,312,NW
2024-09-01,17.9,14.3,71.8,227,SW
2024-09-02,18.3,12.1,58.4,209,SSW
2024-09-03,18.1,10.1,46.3,235,SW
2024-09-04,19.0,8.5,43.9,278,W
2024-09-05,18.8,9.3,55.8,279,W
2024-09-06,22.6,11.8,47.4,199,SSW
2024-09-07,24.1,11.2,21.4,239,WSW
2024-09-08,16.6,13.8,46.3,89,E
2024-09-09,18.4,11.0,54.8,222,SW
2024-09-10,16.6,9.3,56.7,225,SW
2024-09-11,17.8,9.8,34.0,206,SSW
2024-09-12,14.5,4.2,33.2,331,NNW
2024-09-13,14.2,4.5,29.2,274,W
2024-09-14,13.0,3.5,30.6,352,N
2024-09-15,16.3,1.1,37.2,325,NW
2024-09-16,19.8,8.0,43.3,119,ESE
2024-09-17,22.9,11.9,37.7,312,NW
2024-09-18,18.9,8.8,41.9,298,WNW
2024-09-19,14.9,8.3,36.1,148,SSE
2024-09-20,14.4,5.6,53.8,4,N
2024-09-21,10.5,5.1,34.9,22,NNE
2024-09-22,10.2,5.7,57.9,20,NNE
2024-09-23,12.1,5.8,68.8,322,NW
2024-09-24,13.4,6.4,56.9,337,NNW
2024-09-25,13.2,0.6,21.4,306,NW
2024-09-26,15.7,-0.7,17.9,62,ENE
2024-09-27,14.9,0.1,18.1,11,N
2024-09-28,15.8,5.5,15.5,157,SSE
2024-09-29,16.7,0.9,26.0,16,NNE
2024-09-30,11.6,6.7,60.4,309,NW
2024-10-01,13.9,4.2,66.7,1,N
2024-10-02,11.2,-0.1,27.1,27,NNE
2024-10-03,6.1,0.0,16.6,46,NE
2024-10-04,12.3,2.9,23.1,267,W
2024-10-05,13.6,6.9,31.3,2,N
2024-10-06,10.8,3.4,26.9,55,NE
2024-10-07,11.2,1.4,41.6,52,NE
2024-10-08,11.0,2.3,35.9,351,N
2024-10-09,6.7,2.6,39.2,93,E
2024-10-10,12.3,5.8,41.8,74,ENE
2024-10-11,11.8,2.9,35.9,240,WSW
2024-10-12,10.1,2.9,46.9,230,SW
2024-10-13,7.8,2.8,78.2,275,W
2024-10-14,9.7,3.0,76.2,324,NW
2024-10-15,5.7,2.9,56.1,352,N
2024-10-16,4.9,2.0,46.4,41,NE
2024-10-17,7.1,-1.6,45.7,345,NNW
2024-10-18,5.7,0.4,57.5,287,WNW
2024-10-19,10.5,-2.1,44.2,257,WSW
2024-10-20,11.6,4.3,23.0,217,SW
2024-10-21,13.2,5.2,56.1,144,SE
2024-10-22,8.2,-1.2,56.0,304,NW
2024-10-23,9.7,-0.4,79.3,287,WNW
2024-10-24,11.3,1.3,85.8,211,SSW
2024-10-25,4.3,-0.1,57.2,20,NNE
2024-10-26,6.2,1.5,52.3,19,NNE
2024-10-27,5.6,0.2,50.9,213,SSW
2024-10-28,2.9,-4.3,38.4,258,WSW
2024-10-29,1.7,-2.0,45.5,322,NW
2024-10-30,2.6,-7.8,43.1,338,NNW
2024-10-31,7.5,-0.3,57.8,212,SSW
2024-11-01,4.7,0.0,38.9,134,SE
2024-11-02,4.4,-4.3,53.4,326,NW
2024-11-03,3.0,-4.4,46.1,300,WNW
2024-11-04,1.2,-7.3,50.6,305,NW
2024-11-05,3.7,-7.2,34.8,283,WNW
2024-11-06,6.3,-0.1,28.5,219,SW
2024-11-07,5.2,-2.7,42.9,295,WNW
2024-11-08,3.4,-2.8,46.9,297,WNW
2024-11-09,2.5,-6.1,68.7,307,NW
2024-11-10,3.1,-7.2,65.1,359,N
2024-11-11,4.7,-2.4,49.0,270,W
2024-11-12,3.9,-0.2,44.8,84,E
2024-11-13,1.2,-5.0,80.7,355,N
2024-11-14,1.0,-4.3,61.1,338,NNW
2024-11-15,6.3,0.3,63.6,20,NNE
2024-11-16,8.0,4.2,31.3,19,NNE
2024-11-17,6.9,1.9,24.0,47,NE
2024-11-18,4.9,1.3,45.5,48,NE
2024-11-19,7.0,4.0,81.1,0,N
2024-11-20,5.2,3.6,80.3,24,NNE
2024-11-21,4.0,1.6,82.5,21,NNE
2024-11-22,3.0,-0.9,82.2,26,NNE
2024-11-23,2.2,-0.4,51.6,41,NE
2024-11-24,4.3,1.0,71.8,90,E
2024-11-25,5.1,2.9,76.9,52,NE
2024-11-26,3.8,-0.7,46.9,34,NE
2024-11-27,0.0,-3.5,23.6,29,NNE
2024-11-28,1.2,-1.8,20.8,37,NE
2024-11-29,-0.1,-0.8,49.8,61,ENE
2024-11-30,1.3,-0.3,60.6,56,NE
2024-12-01,-0.2,-2.3,76.1,204,SSW
2024-12-02,-0.3,-5.1,72.6,214,SW
2024-12-03,-1.5,-10.1,36.5,293,WNW
2024-12-04,-6.4,-11.0,30.2,332,NNW
2024-12-05,-5.8,-16.2,36.0,289,WNW
2024-12-06,2.1,-11.3,95.9,60,ENE
2024-12-07,-2.6,-10.2,82.2,211,SSW
2024-12-08,-8.4,-14.4,45.9,280,W
2024-12-09,-4.4,-13.6,79.2,307,NW
2024-12-10,-5.4,-11.3,100.7,312,NW
2024-12-11,-0.3,-14.2,35.7,339,NNW
2024-12-12,8.1,-0.3,63.1,114,ESE
2024-12-13,5.5,-3.3,81.6,206,SSW
2024-12-14,-2.5,-9.5,61.0,223,SW
2024-12-15,-3.9,-10.7,49.6,305,NW
2024-12-16,-0.9,-7.5,47.8,281,W
2024-12-17,0.6,-3.5,51.3,267,W
2024-12-18,4.6,-0.3,50.3,113,ESE
2024-12-19,0.6,-2.6,42.6,293,WNW
2024-12-20,-2.6,-15.0,68.8,0,N
2024-12-21,-3.5,-16.8,88.3,14,NNE
2024-12-22,-2.6,-9.7,100.0,10,N
2024-12-23,-9.7,-17.4,62.1,338,NNW
2024-12-24,-11.4,-22.4,51.1,342,NNW
2024-12-25,-5.8,-17.7,48.7,346,NNW
2024-12-26,-0.5,-8.8,57.3,258,WSW
2024-12-27,-3.1,-12.9,22.2,49,NE
2024-12-28,-2.3,-8.9,30.6,272,W
2024-12-29,-2.1,-6.5,29.4,353,N
2024-12-30,-0.6,-5.6,16.3,6,N
2024-12-31,-0.4,-2.2,34.9,92,E
2025-01-01,2.0,-0.6,18.4,123,ESE
2025-01-02,1.6,0.3,60.9,114,ESE
2025-01-03,1.4,-0.3,51.6,88,E
2025-01-04,-0.2,-2.4,36.4,129,SE
2025-01-05,1.7,-3.6,97.5,124,SE
2025-01-06,1.6,0.4,105.9,23,NNE
2025-01-07,1.9,0.6,55.7,61,ENE
2025-01-08,1.2,-0.8,45.6,17,NNE
2025-01-09,2.0,0.4,84.5,340,NNW
2025-01-10,1.8,-0.4,104.7,348,NNW
2025-01-11,1.8,-1.1,91.0,0,N
2025-01-12,-0.7,-3.8,89.4,342,NNW
2025-01-13,-2.0,-5.2,42.8,331,NNW
2025-01-14,-3.4,-6.6,35.8,351,N
2025-01-15,-3.7,-7.2,42.4,348,NNW
2025-01-16,-5.6,-11.3,46.5,346,NNW
2025-01-17,-4.9,-13.8,35.1,351,N
2025-01-18,-2.0,-14.2,47.2,299,WNW
2025-01-19,0.3,-3.4,49.3,176,S
2025-01-20,1.1,-6.3,71.8,160,SSE
2025-01-21,-6.3,-19.9,59.3,317,NW
2025-01-22,-19.9,-26.9,46.8,266,W
2025-01-23,-16.8,-25.7,61.1,310,NW
2025-01-24,-12.2,-18.0,49.5,271,W
2025-01-25,-11.7,-19.2,65.4,301,WNW
2025-01-26,-6.7,-15.9,45.3,267,W
2025-01-27,-2.6,-17.2,28.8,324,NW
2025-01-28,-1.6,-9.2,65.9,224,SW
2025-01-29,-4.1,-21.9,73.7,195,SSW
2025-01-30,-15.0,-21.4,44.7,241,WSW
2025-01-31,-17.3,-21.9,58.5,268,W
2025-02-01,-12.5,-23.6,50.4,262,W
2025-02-02,-17.1,-22.7,74.6,335,NNW
2025-02-03,-16.0,-23.1,57.4,251,WSW
2025-02-04,-2.1,-16.0,65.8,282,WNW
2025-02-05,-6.5,-22.3,76.9,346,NNW
2025-02-06,-13.7,-23.4,51.0,320,NW
2025-02-07,-1.4,-16.0,68.4,326,NW
2025-02-08,-3.5,-11.9,72.7,202,SSW
2025-02-09,-11.5,-22.2,37.6,286,WNW
2025-02-10,-8.2,-24.4,76.6,290,WNW
2025-02-11,-11.5,-19.9,75.4,317,NW
2025-02-12,-15.5,-20.8,64.8,290,WNW
2025-02-13,-11.0,-20.5,65.0,293,WNW
2025-02-14,-7.3,-16.8,65.8,13,NNE
2025-02-15,1.8,-10.4,83.2,339,NNW
2025-02-16,1.1,-3.9,102.9,340,NNW
2025-02-17,1.7,-4.4,65.5,307,NW
2025-02-18,2.7,-1.1,70.0,54,NE
2025-02-19,1.1,-5.3,90.8,353,N
2025-02-20,-3.2,-10.5,42.4,308,NW
2025-02-21,-2.9,-11.1,37.2,325,NW
2025-02-22,-2.7,-13.8,48.2,339,NNW
2025-02-23,-3.8,-18.2,37.9,260,W
2025-02-24,-4.6,-14.5,43.6,270,W
2025-02-25,-1.2,-14.5,70.6,258,WSW
2025-02-26,-0.9,-7.7,80.5,241,WSW
2025-02-27,-7.7,-16.4,98.4,352,N
2025-02-28,-0.1,-8.4,47.7,220,SW
2025-03-01,-2.6,-20.4,86.0,222,SW
2025-03-02,-4.2,-17.6,50.6,1,N
2025-03-03,-6.6,-15.3,54.0,342,NNW
2025-03-04,-11.8,-23.1,42.4,304,NW
2025-03-05,-6.5,-16.1,37.5,234,SW
2025-03-06,-4.3,-21.6,45.1,323,NW
2025-03-07,5.0,-4.3,49.7,116,ESE
2025-03-08,3.3,-6.2,98.7,89,E
2025-03-09,-0.6,-6.9,78.0,206,SSW
2025-03-10,-4.4,-8.6,52.0,353,N
2025-03-11,-6.9,-16.1,65.1,339,NNW
2025-03-12,-0.9,-12.7,63.9,253,WSW
2025-03-13,-3.2,-18.3,55.0,207,SSW
2025-03-14,-3.4,-16.7,49.3,279,W
2025-03-15,-3.4,-20.4,78.3,210,SSW
2025-03-16,-2.5,-19.5,24.0,241,WSW
2025-03-17,3.8,-6.3,25.5,118,ESE
2025-03-18,2.2,-6.1,34.0,171,S
2025-03-19,-0.7,-10.3,25.3,79,E
2025-03-20,2.3,-10.5,35.7,10,N
2025-03-21,5.8,-4.1,41.2,230,SW
2025-03-22,5.1,0.2,63.2,109,ESE
2025-03-23,3.4,-0.2,58.0,349,N
2025-03-24,-0.2,-10.2,51.2,299,WNW
2025-03-25,-3.1,-11.9,33.9,233,SW
2025-03-26,1.4,-10.5,39.1,3,N
2025-03-27,1.1,-6.5,62.5,269,W
2025-03-28,2.0,-12.1,60.2,0,N
2025-03-29,3.8,-11.4,13.9,46,NE
2025-03-30,0.9,-9.1,18.0,102,ESE
2025-03-31,0.6,-15.8,41.8,320,NW
2025-04-01,-1.2,-7.5,60.2,109,ESE
2025-04-02,-1.4,-10.3,107.1,45,NE
2025-04-03,-3.4,-15.7,92.2,323,NW
2025-04-04,-3.1,-10.1,38.4,245,WSW
2025-04-05,2.7,-13.0,44.3,30,NNE
2025-04-06,1.3,-10.0,38.3,260,W
2025-04-07,2.6,-4.3,47.1,124,SE
2025-04-08,-1.5,-13.0,47.6,251,WSW
2025-04-09,1.1,-12.0,59.1,195,SSW
2025-04-10,-1.3,-6.4,65.9,217,SW
2025-04-11,1.5,-7.4,52.5,216,SW
2025-04-12,4.2,-8.2,42.3,236,SW
2025-04-13,6.8,-5.5,36.0,277,W
2025-04-14,2.4,-1.5,69.7,301,WNW
2025-04-15,1.6,-1.6,94.2,35,NE
2025-04-16,1.7,-0.2,39.1,339,NNW
2025-04-17,3.4,-0.3,51.9,84,E
2025-04-18,4.5,-1.0,48.6,194,SSW
2025-04-19,5.1,-2.0,41.7,228,SW
2025-04-20,1.5,-0.8,70.7,109,ESE
2025-04-21,4.4,-0.8,84.7,15,NNE
2025-04-22,7.9,1.3,97.2,338,NNW
2025-04-23,5.3,-3.7,16.0,12,NNE
2025-04-24,7.7,-7.4,25.0,27,NNE
2025-04-25,5.9,-2.0,25.3,12,NNE
2025-04-26,9.5,-3.4,27.9,93,E
2025-04-27,4.5,-1.0,36.4,255,WSW
2025-04-28,3.7,-4.6,75.6,347,NNW
2025-04-29,6.2,-8.4,43.4,84,E
2025-04-30,6.1,-0.4,30.6,218,SW
2025-05-01,2.5,0.2,88.2,24,NNE
2025-05-02,10.8,-1.3,100.6,345,NNW
2025-05-03,3.3,-1.5,26.1,302,WNW
2025-05-04,9.5,-0.1,32.0,156,SSE
2025-05-05,3.1,0.2,65.7,240,WSW
